{"stats":{"minecraft:killed_by":{"minecraft:player":1,"minecraft:skeleton":1,"minecraft:zombie":1},"minecraft:used":{"minecraft:stone_sword":164,"minecraft:stone_shovel":146,"minecraft:chest":2,"minecraft:cooked_salmon":3,"minecraft:cooked_chicken":2,"minecraft:torch":26,"minecraft:dirt":79,"minecraft:salmon_bucket":1,"minecraft:granite":16,"minecraft:wooden_axe":25,"minecraft:furnace":9,"minecraft:oak_sapling":1,"tombstone:gift":2,"minecraft:cooked_beef":1,"minecraft:potato":18,"alexsmobs:cooked_catfish":2,"minecraft:cooked_mutton":2,"minecraft:water_bucket":6,"minecraft:stone_pickaxe":276,"minecraft:baked_potato":4,"minecraft:wooden_pickaxe":54,"minecraft:crafting_table":6,"minecraft:chicken":1,"minecraft:bread":1,"minecraft:gravel":28,"minecraft:fishing_rod":50,"minecraft:cobblestone":14,"minecraft:bucket":8,"alexsmobs:animal_dictionary":3,"minecraft:birch_stairs":9},"minecraft:broken":{"minecraft:stone_pickaxe":2,"minecraft:stone_shovel":1},"minecraft:dropped":{"minecraft:iron_ingot":1,"minecraft:cobblestone":1,"minecraft:coal":1,"minecraft:diorite":9,"alexsmobs:cooked_catfish":2,"minecraft:birch_log":1,"minecraft:furnace":2,"minecraft:wheat":2,"minecraft:raw_iron":1,"minecraft:rotten_flesh":1,"minecraft:stone_pickaxe":1,"minecraft:wooden_pickaxe":1},"minecraft:crafted":{"minecraft:stone_shovel":2,"minecraft:fishing_rod":1,"minecraft:cooked_chicken":2,"minecraft:furnace":7,"minecraft:cooked_mutton":1,"minecraft:glass":3,"minecraft:iron_boots":2,"minecraft:stone_pickaxe":3,"minecraft:chest":2,"alexsmobs:cooked_catfish":4,"minecraft:dark_oak_planks":4,"minecraft:cooked_beef":1,"minecraft:cooked_cod":1,"minecraft:crafting_table":5,"minecraft:wooden_pickaxe":1,"minecraft:iron_helmet":1,"minecraft:baked_potato":4,"minecraft:cooked_salmon":6,"minecraft:copper_ingot":3,"minecraft:bucket":1,"minecraft:birch_planks":76,"minecraft:air":0,"minecraft:stick":28,"minecraft:iron_ingot":16,"minecraft:wooden_axe":1,"minecraft:stone_sword":2,"minecraft:torch":12,"minecraft:birch_stairs":8},"minecraft:killed":{"minecraft:cave_spider":1,"alexsmobs:raccoon":1,"minecraft:spider":2,"minecraft:skeleton":4,"minecraft:horse":1,"minecraft:chicken":3,"minecraft:squid":1,"minecraft:sheep":1,"minecraft:zombie":8,"minecraft:cow":1},"minecraft:mined":{"regions_unexplored:pink_lupine":1,"minecraft:dark_oak_log":1,"minecraft:glow_lichen":3,"minecraft:granite":43,"minecraft:grass_block":42,"minecraft:large_fern":3,"minecraft:furnace":3,"minecraft:iron_ore":8,"minecraft:fire":1,"minecraft:andesite":4,"minecraft:potatoes":7,"regions_unexplored:medium_grass":2,"minecraft:stone":180,"minecraft:birch_stairs":1,"regions_unexplored:yellow_lupine":1,"minecraft:crafting_table":1,"minecraft:torch":4,"regions_unexplored:peat_grass_block":3,"minecraft:rose_bush":1,"minecraft:tall_grass":1,"minecraft:copper_ore":15,"minecraft:cobblestone":5,"minecraft:diorite":15,"minecraft:wall_torch":12,"minecraft:birch_log":23,"minecraft:lilac":7,"minecraft:birch_leaves":1,"minecraft:grass":10,"minecraft:coal_ore":39,"minecraft:oak_log":1,"minecraft:dirt":45,"minecraft:gravel":84,"minecraft:sand":3,"regions_unexplored:clover":4,"minecraft:oak_leaves":4,"regions_unexplored:fireweed":1},"minecraft:custom":{"minecraft:mob_kills":23,"minecraft:interact_with_crafting_table":35,"minecraft:leave_game":3,"minecraft:time_since_death":62548,"minecraft:sprint_one_cm":118314,"minecraft:walk_one_cm":808061,"minecraft:drop":23,"minecraft:play_time":141619,"minecraft:deaths":3,"minecraft:sneak_time":191,"minecraft:walk_under_water_one_cm":11009,"minecraft:jump":1348,"minecraft:walk_on_water_one_cm":17025,"minecraft:total_world_time":141619,"minecraft:interact_with_furnace":52,"minecraft:time_since_rest":62091,"minecraft:damage_taken":1721,"minecraft:damage_dealt":4083,"minecraft:fly_one_cm":10497,"minecraft:open_chest":13,"minecraft:crouch_one_cm":170,"tombstone:undead_killed":12,"minecraft:fish_caught":12,"minecraft:fall_one_cm":10229},"minecraft:picked_up":{"minecraft:crafting_table":1,"minecraft:wheat":3,"minecraft:chicken":3,"minecraft:wooden_pickaxe":1,"minecraft:string":5,"minecraft:raw_copper":57,"minecraft:pufferfish":6,"minecraft:beef":1,"minecraft:birch_sapling":1,"minecraft:furnace":4,"minecraft:raw_iron":9,"minecraft:oak_fence":2,"minecraft:torch":18,"tombstone:grave_dust":1,"minecraft:diorite":10,"minecraft:stone_sword":1,"minecraft:arrow":17,"minecraft:rotten_flesh":14,"minecraft:mutton":4,"minecraft:cod":2,"minecraft:white_wool":3,"minecraft:cobblestone":231,"minecraft:birch_log":24,"regions_unexplored:peat_dirt":3,"minecraft:feather":2,"minecraft:lilac":5,"minecraft:andesite":1,"minecraft:salmon":6,"minecraft:leather":4,"minecraft:potato":22,"minecraft:flint":7,"minecraft:oak_log":1,"minecraft:dirt":92,"minecraft:cooked_mutton":1,"minecraft:bone":5,"minecraft:bow":1,"minecraft:wheat_seeds":3,"minecraft:iron_ingot":1,"regions_unexplored:yellow_lupine":1,"minecraft:gravel":76,"minecraft:sand":3,"minecraft:birch_stairs":1,"minecraft:ink_sac":3,"regions_unexplored:pink_lupine":1,"minecraft:dark_oak_log":1,"minecraft:spider_eye":2,"alexsmobs:raw_catfish":4,"regions_unexplored:fireweed":1,"regions_unexplored:clover":9,"minecraft:granite":28,"minecraft:oak_sapling":1,"tombstone:magic_scroll":1,"minecraft:coal":70}},"DataVersion":3465}