{"stats":{"minecraft:crafted":{"minecraft:stone_shovel":2,"minecraft:fishing_rod":1,"minecraft:cooked_chicken":2,"minecraft:furnace":7,"minecraft:cooked_mutton":1,"minecraft:glass":3,"minecraft:iron_boots":2,"minecraft:stone_pickaxe":4,"minecraft:chest":2,"alexsmobs:cooked_catfish":4,"minecraft:dark_oak_planks":4,"minecraft:cooked_beef":1,"minecraft:cooked_cod":1,"minecraft:crafting_table":5,"minecraft:wooden_pickaxe":1,"minecraft:baked_potato":4,"minecraft:iron_helmet":1,"minecraft:cooked_salmon":6,"minecraft:copper_ingot":3,"minecraft:bucket":1,"minecraft:birch_planks":76,"minecraft:air":0,"minecraft:stick":28,"minecraft:iron_ingot":16,"minecraft:wooden_axe":1,"minecraft:stone_sword":2,"minecraft:torch":12,"minecraft:birch_stairs":8},"minecraft:custom":{"minecraft:mob_kills":26,"minecraft:interact_with_crafting_table":36,"minecraft:leave_game":5,"minecraft:time_since_death":86782,"minecraft:sprint_one_cm":154765,"minecraft:walk_one_cm":879271,"minecraft:drop":24,"minecraft:play_time":165853,"minecraft:deaths":3,"minecraft:sneak_time":1002,"minecraft:walk_under_water_one_cm":11576,"minecraft:jump":1561,"minecraft:walk_on_water_one_cm":19181,"minecraft:total_world_time":165853,"minecraft:interact_with_furnace":53,"minecraft:time_since_rest":86325,"minecraft:damage_taken":1882,"minecraft:damage_dealt":4482,"minecraft:swim_one_cm":5086,"minecraft:fly_one_cm":14413,"minecraft:open_chest":14,"minecraft:crouch_one_cm":1942,"tombstone:undead_killed":13,"minecraft:fish_caught":13,"minecraft:fall_one_cm":12606},"minecraft:dropped":{"minecraft:iron_ingot":1,"minecraft:cobblestone":1,"minecraft:coal":1,"minecraft:diorite":9,"alexsmobs:cooked_catfish":2,"minecraft:birch_log":1,"minecraft:furnace":2,"minecraft:wheat":2,"minecraft:raw_iron":1,"minecraft:stone_shovel":1,"minecraft:rotten_flesh":1,"minecraft:wooden_pickaxe":1,"minecraft:stone_pickaxe":1},"minecraft:killed":{"minecraft:cave_spider":1,"alexsmobs:raccoon":1,"minecraft:spider":2,"minecraft:skeleton":5,"minecraft:horse":1,"minecraft:chicken":3,"minecraft:pig":2,"minecraft:squid":1,"minecraft:sheep":1,"minecraft:zombie":8,"minecraft:cow":1},"minecraft:used":{"minecraft:stone_sword":178,"minecraft:stone_shovel":152,"minecraft:chest":2,"minecraft:cooked_salmon":5,"minecraft:cooked_chicken":2,"minecraft:torch":28,"minecraft:dirt":86,"minecraft:salmon_bucket":1,"minecraft:granite":24,"minecraft:wooden_axe":25,"minecraft:furnace":9,"minecraft:oak_sapling":1,"minecraft:cooked_cod":1,"tombstone:gift":2,"minecraft:cooked_beef":1,"minecraft:potato":18,"minecraft:water_bucket":8,"alexsmobs:cooked_catfish":2,"minecraft:cooked_mutton":2,"minecraft:stone_pickaxe":363,"minecraft:baked_potato":4,"minecraft:wooden_pickaxe":54,"minecraft:crafting_table":6,"minecraft:chicken":1,"minecraft:bread":1,"minecraft:gravel":28,"minecraft:fishing_rod":55,"minecraft:cobblestone":14,"minecraft:bucket":10,"alexsmobs:animal_dictionary":3,"minecraft:birch_stairs":9},"minecraft:broken":{"minecraft:stone_pickaxe":2,"minecraft:stone_shovel":1},"minecraft:killed_by":{"minecraft:player":1,"minecraft:skeleton":1,"minecraft:zombie":1},"minecraft:mined":{"regions_unexplored:blue_lupine":2,"regions_unexplored:pink_lupine":1,"minecraft:dark_oak_log":1,"regions_unexplored:bleeding_heart":1,"minecraft:glow_lichen":3,"minecraft:granite":81,"minecraft:grass_block":44,"minecraft:large_fern":3,"minecraft:furnace":3,"minecraft:iron_ore":8,"minecraft:fire":1,"minecraft:andesite":4,"minecraft:potatoes":7,"regions_unexplored:medium_grass":2,"minecraft:stone":227,"minecraft:birch_stairs":1,"regions_unexplored:yellow_lupine":1,"minecraft:crafting_table":1,"minecraft:torch":4,"regions_unexplored:peat_grass_block":3,"minecraft:rose_bush":1,"minecraft:tall_grass":1,"minecraft:copper_ore":15,"minecraft:cobblestone":5,"minecraft:diorite":15,"minecraft:wall_torch":14,"minecraft:birch_log":23,"minecraft:lilac":7,"minecraft:birch_leaves":1,"minecraft:grass":10,"minecraft:oak_log":1,"minecraft:coal_ore":41,"minecraft:gravel":84,"minecraft:sand":3,"minecraft:dirt":47,"regions_unexplored:clover":4,"minecraft:oak_leaves":4,"regions_unexplored:fireweed":1},"minecraft:picked_up":{"minecraft:crafting_table":1,"minecraft:wheat":3,"minecraft:chicken":3,"minecraft:wooden_pickaxe":1,"minecraft:string":5,"minecraft:raw_copper":57,"minecraft:pufferfish":6,"minecraft:beef":1,"minecraft:birch_sapling":1,"regions_unexplored:bleeding_heart":1,"minecraft:furnace":4,"minecraft:raw_iron":9,"minecraft:oak_fence":2,"minecraft:torch":20,"regions_unexplored:blue_lupine":1,"minecraft:porkchop":4,"tombstone:grave_dust":1,"minecraft:diorite":10,"minecraft:stone_sword":1,"minecraft:arrow":18,"minecraft:rotten_flesh":14,"minecraft:stone_shovel":1,"minecraft:mutton":4,"minecraft:cod":3,"minecraft:white_wool":3,"minecraft:cobblestone":261,"minecraft:birch_log":24,"regions_unexplored:peat_dirt":3,"minecraft:feather":2,"minecraft:lilac":5,"minecraft:andesite":1,"minecraft:salmon":6,"minecraft:leather":4,"minecraft:potato":22,"minecraft:flint":7,"minecraft:oak_log":1,"minecraft:dirt":96,"minecraft:cooked_mutton":1,"minecraft:bone":6,"minecraft:bow":1,"minecraft:wheat_seeds":3,"minecraft:iron_ingot":1,"regions_unexplored:yellow_lupine":1,"minecraft:gravel":76,"minecraft:sand":3,"minecraft:birch_stairs":1,"minecraft:ink_sac":3,"regions_unexplored:pink_lupine":1,"minecraft:dark_oak_log":1,"minecraft:spider_eye":2,"alexsmobs:raw_catfish":4,"regions_unexplored:fireweed":1,"regions_unexplored:clover":9,"minecraft:granite":54,"minecraft:oak_sapling":1,"tombstone:magic_scroll":1,"minecraft:coal":72}},"DataVersion":3465}