{"stats":{"minecraft:killed":{"minecraft:spider":1,"minecraft:skeleton":5,"minecraft:zombie":21},"minecraft:used":{"minecraft:wheat_seeds":53,"minecraft:stone_sword":128,"minecraft:stone_pickaxe":132,"minecraft:baked_potato":10,"minecraft:chest":1,"minecraft:shield":77,"minecraft:composter":1,"minecraft:cooked_salmon":3,"minecraft:iron_chestplate":1,"regions_unexplored:corpse_flower":9,"minecraft:torch":93,"minecraft:dirt":6,"minecraft:crafting_table":6,"regions_unexplored:dusktrap":5,"regions_unexplored:prismarite_cluster":1,"regions_unexplored:clover":37,"minecraft:campfire":1,"minecraft:tuff":9,"regions_unexplored:blue_bioshroom_block":2,"minecraft:wooden_axe":14,"sophisticatedbackpacks:backpack":1,"minecraft:dark_oak_log":1,"minecraft:bread":6,"minecraft:iron_pickaxe":504,"regions_unexplored:dropleaf":8,"minecraft:stone_axe":41,"regions_unexplored:blue_bioshroom":2,"minecraft:cobblestone":23,"minecraft:furnace":4,"minecraft:bucket":2,"minecraft:birch_log":2,"tombstone:gift":1,"minecraft:cobbled_deepslate":32,"minecraft:potato":7,"minecraft:bone_meal":1},"minecraft:picked_up":{"regions_unexplored:pointed_redstone":2,"minecraft:birch_log":3,"minecraft:crafting_table":6,"minecraft:wheat":16,"minecraft:andesite":41,"minecraft:potato":18,"minecraft:tuff":11,"regions_unexplored:blue_bioshroom":2,"regions_unexplored:prismarite_cluster":1,"minecraft:string":2,"minecraft:lapis_lazuli":162,"minecraft:dirt":9,"minecraft:raw_copper":54,"minecraft:bone":3,"minecraft:wheat_seeds":53,"minecraft:cobbled_deepslate":205,"minecraft:raw_gold":82,"minecraft:iron_ingot":5,"tombstone:bag_of_seeds":1,"minecraft:sugar_cane":6,"regions_unexplored:dropleaf":8,"minecraft:furnace":4,"minecraft:raw_iron":74,"regions_unexplored:corpse_flower":10,"sophisticatedbackpacks:backpack":2,"minecraft:torch":3,"minecraft:poisonous_potato":1,"regions_unexplored:blue_bioshroom_block":2,"regions_unexplored:raw_redstone_block":2,"tombstone:grave_dust":1,"minecraft:diorite":7,"minecraft:redstone":730,"minecraft:dark_oak_log":42,"regions_unexplored:dusktrap":5,"minecraft:arrow":3,"minecraft:rotten_flesh":18,"regions_unexplored:redstone_bulb":1,"minecraft:diamond":4,"minecraft:granite":1,"regions_unexplored:clover":47,"minecraft:bone_meal":1,"regions_unexplored:purple_lupine":1,"minecraft:coal":21,"minecraft:cobblestone":100},"minecraft:crafted":{"minecraft:crafting_table":1,"minecraft:iron_helmet":1,"minecraft:baked_potato":10,"minecraft:furnace":2,"minecraft:cooked_salmon":3,"minecraft:bucket":2,"minecraft:campfire":1,"minecraft:stone_axe":1,"minecraft:bread":5,"minecraft:air":0,"minecraft:iron_boots":1,"minecraft:diamond_pickaxe":1,"minecraft:dark_oak_slab":12,"minecraft:iron_chestplate":1,"minecraft:charcoal":13,"minecraft:shield":1,"minecraft:stick":36,"minecraft:iron_ingot":29,"minecraft:stone_pickaxe":1,"minecraft:wooden_axe":1,"minecraft:iron_leggings":1,"minecraft:stone_sword":1,"minecraft:chest":1,"minecraft:redstone_block":57,"minecraft:composter":1,"minecraft:dark_oak_planks":48,"minecraft:torch":96},"minecraft:mined":{"minecraft:deepslate_redstone_ore":128,"minecraft:tuff":9,"minecraft:deepslate_diamond_ore":2,"regions_unexplored:dropleaf_plant":3,"regions_unexplored:corpse_flower":12,"minecraft:dark_oak_log":42,"regions_unexplored:dusktrap":6,"minecraft:crafting_table":6,"minecraft:torch":1,"minecraft:granite":1,"regions_unexplored:bladed_tall_grass":22,"regions_unexplored:dropleaf":19,"minecraft:grass_block":5,"minecraft:cobblestone":2,"minecraft:copper_ore":11,"minecraft:tall_grass":1,"minecraft:deepslate_gold_ore":43,"regions_unexplored:raw_redstone_block":2,"minecraft:sugar_cane":5,"minecraft:diorite":7,"regions_unexplored:duskmelon":4,"regions_unexplored:blue_bioshroom":2,"regions_unexplored:prismarite_cluster":1,"regions_unexplored:blue_bioshroom_block":2,"regions_unexplored:pointed_redstone":2,"minecraft:furnace":4,"regions_unexplored:redstone_bud":17,"minecraft:birch_log":3,"minecraft:iron_ore":11,"minecraft:wheat":17,"regions_unexplored:purple_lupine":1,"minecraft:andesite":41,"minecraft:deepslate_lapis_ore":15,"minecraft:grass":53,"minecraft:potatoes":5,"minecraft:coal_ore":15,"minecraft:deepslate_iron_ore":26,"minecraft:dirt":4,"regions_unexplored:clover":19,"regions_unexplored:medium_grass":6,"sophisticatedbackpacks:backpack":1,"minecraft:stone":103,"minecraft:gold_ore":1,"regions_unexplored:bladed_grass":49,"minecraft:deepslate":212,"regions_unexplored:redstone_bulb":1},"minecraft:custom":{"minecraft:interact_with_furnace":26,"minecraft:mob_kills":28,"minecraft:interact_with_crafting_table":21,"minecraft:interact_with_campfire":4,"minecraft:damage_dealt_resisted":304,"minecraft:time_since_death":17518,"minecraft:sleep_in_bed":3,"minecraft:time_since_rest":16832,"minecraft:sprint_one_cm":195942,"minecraft:damage_taken":1806,"minecraft:walk_one_cm":448431,"minecraft:damage_blocked_by_shield":2590,"minecraft:drop":2,"minecraft:damage_dealt":4914,"minecraft:damage_dealt_absorbed":163,"minecraft:swim_one_cm":4780,"minecraft:fly_one_cm":246698,"minecraft:open_chest":6,"minecraft:crouch_one_cm":8078,"minecraft:deaths":3,"minecraft:play_time":104450,"tombstone:undead_killed":26,"minecraft:sneak_time":3214,"minecraft:walk_under_water_one_cm":3302,"minecraft:jump":1956,"minecraft:walk_on_water_one_cm":18267,"minecraft:total_world_time":104450,"minecraft:fall_one_cm":63176},"minecraft:broken":{"minecraft:stone_pickaxe":1},"minecraft:dropped":{"regions_unexplored:corpse_flower":1,"regions_unexplored:clover":6},"minecraft:killed_by":{"alexsmobs:centipede_head":1,"minecraft:creeper":1}},"DataVersion":3465}