{"stats":{"minecraft:dropped":{"minecraft:iron_ingot":3,"minecraft:baked_potato":10,"minecraft:cobblestone":189,"minecraft:granite":17,"regions_unexplored:medium_grass":18,"minecraft:dirt":5,"minecraft:diorite":15,"minecraft:torch":1,"tombstone:grave_key":1,"minecraft:tripwire_hook":1,"minecraft:gravel":2,"minecraft:cobbled_deepslate":192,"minecraft:tuff":1,"minecraft:birch_sapling":6,"regions_unexplored:clover":130,"minecraft:cooked_mutton":1,"minecraft:andesite":21,"minecraft:spider_eye":1,"minecraft:stone_pickaxe":1},"minecraft:mined":{"regions_unexplored:willow_shrub":1,"minecraft:tuff":174,"regions_unexplored:blue_lupine":8,"minecraft:deepslate_diamond_ore":84,"regions_unexplored:pink_lupine":6,"regions_unexplored:magnolia_log":25,"minecraft:obsidian":14,"minecraft:granite":57,"minecraft:grass_block":240,"regions_unexplored:large_prismarite_cluster":3,"regions_unexplored:blue_bioshroom":1,"minecraft:furnace":5,"minecraft:cobbled_deepslate":57,"minecraft:iron_ore":53,"minecraft:fire":7,"regions_unexplored:purple_lupine":6,"minecraft:andesite":23,"minecraft:pumpkin":6,"minecraft:deepslate_lapis_ore":6,"minecraft:potatoes":174,"minecraft:deepslate_iron_ore":16,"regions_unexplored:medium_grass":29,"minecraft:stone":766,"regions_unexplored:prismoss":1,"minecraft:deepslate_redstone_ore":5,"regions_unexplored:red_lupine":1,"regions_unexplored:magnolia_fence":6,"minecraft:crafting_table":3,"minecraft:torch":15,"minecraft:chest":1,"regions_unexplored:blackwood_log":24,"minecraft:tall_grass":1,"minecraft:glass":3,"minecraft:cobblestone":81,"minecraft:lapis_ore":2,"minecraft:deepslate_gold_ore":25,"minecraft:sugar_cane":34,"minecraft:oak_planks":1,"minecraft:diorite":48,"minecraft:wall_torch":10,"regions_unexplored:prismarite_cluster":4,"minecraft:birch_log":78,"minecraft:wheat":184,"minecraft:birch_leaves":4,"minecraft:grass":10,"minecraft:coal_ore":129,"minecraft:gravel":34,"minecraft:sand":52,"minecraft:dirt":149,"regions_unexplored:clover":74,"minecraft:cobweb":3,"regions_unexplored:blackwood_leaves":2,"regions_unexplored:prismoss_sprout":1,"minecraft:deepslate":1637,"minecraft:oak_leaves":3,"minecraft:birch_fence":4,"minecraft:fern":1},"minecraft:custom":{"minecraft:mob_kills":68,"minecraft:animals_bred":70,"minecraft:interact_with_crafting_table":89,"minecraft:bell_ring":1,"minecraft:leave_game":8,"minecraft:time_since_death":286746,"minecraft:sprint_one_cm":489784,"minecraft:walk_one_cm":1954630,"minecraft:damage_blocked_by_shield":915,"minecraft:drop":39,"minecraft:talked_to_villager":2,"minecraft:play_time":469500,"minecraft:deaths":8,"minecraft:sneak_time":350,"minecraft:walk_under_water_one_cm":32253,"minecraft:jump":5379,"minecraft:interact_with_blast_furnace":2,"minecraft:walk_on_water_one_cm":53515,"minecraft:total_world_time":469500,"minecraft:interact_with_furnace":57,"minecraft:sleep_in_bed":8,"minecraft:time_since_rest":11995,"minecraft:damage_taken":5181,"minecraft:damage_dealt":10308,"minecraft:swim_one_cm":166979,"minecraft:fly_one_cm":523688,"minecraft:open_chest":107,"minecraft:crouch_one_cm":958,"tombstone:undead_killed":15,"minecraft:fish_caught":2,"minecraft:interact_with_smoker":28,"minecraft:fall_one_cm":84940},"minecraft:broken":{"minecraft:stone_hoe":1,"minecraft:stone_pickaxe":6,"minecraft:stone_axe":1,"minecraft:iron_pickaxe":2,"minecraft:stone_shovel":2},"minecraft:crafted":{"regions_unexplored:blackwood_planks":24,"minecraft:stone_shovel":2,"minecraft:furnace":7,"minecraft:bone_meal":12,"minecraft:cooked_mutton":1,"minecraft:glass_pane":48,"minecraft:flint_and_steel":1,"minecraft:glass":52,"minecraft:diamond_helmet":1,"minecraft:diamond_leggings":1,"minecraft:birch_fence_gate":2,"minecraft:stone_pickaxe":7,"minecraft:chest":7,"minecraft:diamond_boots":1,"minecraft:stone_hoe":2,"regions_unexplored:magnolia_planks":100,"regions_unexplored:blackwood_wood":3,"minecraft:smoker":2,"minecraft:cooked_beef":7,"minecraft:cooked_cod":2,"minecraft:diamond_sword":1,"sophisticatedbackpacks:backpack":1,"minecraft:cooked_porkchop":2,"minecraft:crafting_table":10,"minecraft:enchanting_table":1,"minecraft:wooden_pickaxe":1,"minecraft:baked_potato":185,"minecraft:cooked_salmon":12,"minecraft:bucket":2,"minecraft:birch_planks":280,"minecraft:stone_axe":2,"minecraft:book":1,"minecraft:paper":21,"minecraft:diamond_pickaxe":1,"minecraft:shield":2,"minecraft:birch_fence":45,"minecraft:stick":108,"minecraft:iron_ingot":45,"minecraft:iron_pickaxe":2,"minecraft:stone_sword":1,"minecraft:white_bed":3,"minecraft:torch":92,"minecraft:shears":1,"minecraft:diamond_chestplate":1},"minecraft:killed_by":{"minecraft:player":1,"alexsmobs:centipede_head":1,"minecraft:skeleton":1,"alexsmobs:grizzly_bear":3},"minecraft:picked_up":{"minecraft:fishing_rod":1,"minecraft:crafting_table":3,"minecraft:wheat":170,"minecraft:chicken":2,"regions_unexplored:magnolia_log":25,"regions_unexplored:blue_bioshroom":1,"tombstone:grave_key":1,"minecraft:string":6,"regions_unexplored:prismarite_cluster":4,"minecraft:birch_fence":4,"regions_unexplored:medium_grass":21,"minecraft:cobbled_deepslate":744,"minecraft:beef":35,"minecraft:sugar_cane":75,"minecraft:chest":1,"minecraft:birch_sapling":6,"regions_unexplored:blackwood_log":20,"minecraft:furnace":5,"minecraft:stick":2,"minecraft:raw_iron":78,"minecraft:stone":47,"minecraft:copper_ingot":12,"minecraft:oak_fence":2,"minecraft:torch":34,"minecraft:porkchop":2,"tombstone:grave_dust":3,"minecraft:diorite":45,"minecraft:redstone":26,"minecraft:stone_sword":1,"minecraft:arrow":5,"minecraft:rotten_flesh":36,"tombstone:essence_of_undeath":1,"minecraft:obsidian":14,"minecraft:mutton":1,"minecraft:white_wool":12,"minecraft:cobblestone":775,"minecraft:birch_log":78,"minecraft:feather":2,"minecraft:cooked_beef":4,"minecraft:tripwire_hook":1,"minecraft:andesite":23,"minecraft:salmon":12,"minecraft:leather":14,"minecraft:potato":625,"minecraft:flint":3,"minecraft:tuff":65,"minecraft:lapis_lazuli":71,"minecraft:dirt":485,"minecraft:cooked_mutton":2,"regions_unexplored:large_prismarite_cluster":3,"minecraft:bone":10,"minecraft:wheat_seeds":469,"minecraft:raw_gold":40,"minecraft:stone_pickaxe":2,"minecraft:oak_planks":3,"minecraft:pumpkin":6,"minecraft:poisonous_potato":2,"minecraft:gravel":41,"minecraft:sand":52,"regions_unexplored:pink_lupine":1,"minecraft:spider_eye":2,"alexsmobs:animal_dictionary":1,"minecraft:bundle":1,"minecraft:diamond":136,"regions_unexplored:willow_shrub":1,"regions_unexplored:clover":200,"minecraft:granite":50,"regions_unexplored:magnolia_fence":8,"alexsmobs:maggot":1,"minecraft:baked_potato":5,"tombstone:magic_scroll":1,"minecraft:coal":164},"minecraft:killed":{"minecraft:spider":11,"minecraft:skeleton":6,"alexsmobs:bison":1,"minecraft:pig":2,"minecraft:zombie_villager":1,"minecraft:salmon":12,"minecraft:sheep":1,"minecraft:zombie":30,"alexsmobs:fly":2,"minecraft:cow":2},"minecraft:used":{"minecraft:stone_sword":163,"minecraft:flint_and_steel":9,"minecraft:stone_shovel":262,"minecraft:chest":7,"minecraft:shield":21,"minecraft:cooked_salmon":12,"minecraft:stone_hoe":238,"minecraft:rotten_flesh":31,"minecraft:torch":113,"minecraft:dirt":251,"regions_unexplored:clover":67,"regions_unexplored:prismarite_cluster":3,"regions_unexplored:willow_shrub":1,"regions_unexplored:blue_bioshroom":1,"minecraft:furnace":8,"minecraft:cooked_cod":2,"tombstone:gift":4,"minecraft:cooked_beef":11,"minecraft:potato":273,"minecraft:cobbled_deepslate":163,"minecraft:wheat_seeds":208,"minecraft:cooked_mutton":2,"minecraft:water_bucket":74,"minecraft:diorite":6,"minecraft:baked_potato":13,"minecraft:stone_pickaxe":930,"regions_unexplored:large_prismarite_cluster":3,"minecraft:wooden_pickaxe":21,"minecraft:crafting_table":12,"minecraft:white_bed":3,"minecraft:shears":5,"minecraft:smoker":2,"minecraft:birch_fence":38,"regions_unexplored:medium_grass":3,"minecraft:diamond_pickaxe":1287,"minecraft:birch_fence_gate":2,"minecraft:iron_pickaxe":1019,"minecraft:gravel":8,"minecraft:stone_axe":167,"minecraft:fishing_rod":6,"minecraft:diamond_sword":25,"minecraft:cobblestone":208,"minecraft:andesite":1,"minecraft:bucket":75,"minecraft:glass_pane":41,"alexsmobs:animal_dictionary":18,"minecraft:bone_meal":12}},"DataVersion":3465}