{"stats":{"minecraft:killed_by":{"minecraft:player":1,"alexsmobs:centipede_head":1,"minecraft:skeleton":1,"alexsmobs:grizzly_bear":3},"minecraft:used":{"minecraft:stone_sword":163,"minecraft:flint_and_steel":9,"minecraft:stone_shovel":262,"minecraft:chest":7,"minecraft:shield":21,"minecraft:cooked_salmon":12,"minecraft:stone_hoe":236,"minecraft:rotten_flesh":31,"minecraft:torch":111,"minecraft:dirt":208,"regions_unexplored:clover":67,"regions_unexplored:prismarite_cluster":3,"regions_unexplored:willow_shrub":1,"regions_unexplored:blue_bioshroom":1,"minecraft:furnace":8,"minecraft:cooked_cod":2,"tombstone:gift":4,"minecraft:cooked_beef":11,"minecraft:potato":192,"minecraft:cobbled_deepslate":23,"minecraft:wheat_seeds":181,"minecraft:cooked_mutton":2,"minecraft:water_bucket":72,"minecraft:diorite":6,"minecraft:stone_pickaxe":930,"regions_unexplored:large_prismarite_cluster":3,"minecraft:baked_potato":10,"minecraft:wooden_pickaxe":21,"minecraft:crafting_table":12,"minecraft:white_bed":3,"minecraft:shears":5,"minecraft:smoker":2,"minecraft:birch_fence":27,"regions_unexplored:medium_grass":3,"minecraft:diamond_pickaxe":1212,"minecraft:birch_fence_gate":1,"minecraft:iron_pickaxe":973,"minecraft:gravel":8,"minecraft:stone_axe":167,"minecraft:fishing_rod":6,"minecraft:diamond_sword":21,"minecraft:cobblestone":208,"minecraft:andesite":1,"minecraft:bucket":72,"minecraft:glass_pane":41,"alexsmobs:animal_dictionary":18,"minecraft:bone_meal":12},"minecraft:broken":{"minecraft:stone_hoe":1,"minecraft:stone_pickaxe":6,"minecraft:stone_axe":1,"minecraft:iron_pickaxe":2,"minecraft:stone_shovel":2},"minecraft:dropped":{"minecraft:iron_ingot":3,"minecraft:baked_potato":10,"minecraft:cobblestone":189,"minecraft:granite":17,"regions_unexplored:medium_grass":18,"minecraft:dirt":5,"minecraft:diorite":15,"minecraft:torch":1,"tombstone:grave_key":1,"minecraft:tripwire_hook":1,"minecraft:gravel":2,"minecraft:cobbled_deepslate":192,"minecraft:tuff":1,"minecraft:birch_sapling":6,"regions_unexplored:clover":128,"minecraft:cooked_mutton":1,"minecraft:andesite":21,"minecraft:spider_eye":1,"minecraft:stone_pickaxe":1},"minecraft:crafted":{"regions_unexplored:blackwood_planks":24,"minecraft:stone_shovel":2,"minecraft:furnace":7,"minecraft:bone_meal":12,"minecraft:cooked_mutton":1,"minecraft:glass_pane":48,"minecraft:flint_and_steel":1,"minecraft:glass":52,"minecraft:diamond_leggings":1,"minecraft:birch_fence_gate":1,"minecraft:stone_pickaxe":7,"minecraft:chest":6,"minecraft:stone_hoe":2,"regions_unexplored:magnolia_planks":100,"regions_unexplored:blackwood_wood":3,"minecraft:smoker":2,"minecraft:cooked_beef":7,"minecraft:cooked_cod":2,"minecraft:diamond_sword":1,"minecraft:cooked_porkchop":2,"minecraft:crafting_table":10,"minecraft:wooden_pickaxe":1,"minecraft:baked_potato":56,"minecraft:cooked_salmon":12,"minecraft:bucket":1,"minecraft:birch_planks":280,"minecraft:stone_axe":2,"minecraft:diamond_pickaxe":1,"minecraft:shield":2,"minecraft:birch_fence":45,"minecraft:stick":108,"minecraft:iron_ingot":22,"minecraft:iron_pickaxe":2,"minecraft:stone_sword":1,"minecraft:white_bed":3,"minecraft:torch":92,"minecraft:shears":1,"minecraft:diamond_chestplate":1},"minecraft:killed":{"minecraft:spider":11,"minecraft:skeleton":6,"alexsmobs:bison":1,"minecraft:pig":2,"minecraft:zombie_villager":1,"minecraft:salmon":12,"minecraft:sheep":1,"minecraft:zombie":28,"alexsmobs:fly":2,"minecraft:cow":2},"minecraft:mined":{"regions_unexplored:willow_shrub":1,"minecraft:tuff":174,"regions_unexplored:blue_lupine":8,"minecraft:deepslate_diamond_ore":84,"regions_unexplored:pink_lupine":6,"regions_unexplored:magnolia_log":25,"minecraft:granite":57,"minecraft:grass_block":236,"regions_unexplored:large_prismarite_cluster":3,"regions_unexplored:blue_bioshroom":1,"minecraft:furnace":5,"minecraft:iron_ore":53,"minecraft:fire":7,"regions_unexplored:purple_lupine":6,"minecraft:andesite":23,"minecraft:pumpkin":6,"minecraft:deepslate_lapis_ore":6,"minecraft:potatoes":140,"minecraft:deepslate_iron_ore":16,"regions_unexplored:medium_grass":29,"minecraft:stone":765,"regions_unexplored:prismoss":1,"minecraft:deepslate_redstone_ore":5,"regions_unexplored:red_lupine":1,"regions_unexplored:magnolia_fence":6,"minecraft:crafting_table":3,"minecraft:torch":15,"minecraft:chest":1,"regions_unexplored:blackwood_log":24,"minecraft:glass":3,"minecraft:tall_grass":1,"minecraft:cobblestone":60,"minecraft:deepslate_gold_ore":25,"minecraft:lapis_ore":2,"minecraft:sugar_cane":9,"minecraft:oak_planks":1,"minecraft:diorite":48,"minecraft:wall_torch":8,"regions_unexplored:prismarite_cluster":4,"minecraft:birch_log":78,"minecraft:wheat":161,"minecraft:birch_leaves":4,"minecraft:grass":10,"minecraft:coal_ore":103,"minecraft:gravel":34,"minecraft:sand":52,"minecraft:dirt":147,"regions_unexplored:clover":74,"minecraft:cobweb":3,"regions_unexplored:blackwood_leaves":2,"minecraft:birch_fence":1,"regions_unexplored:prismoss_sprout":1,"minecraft:oak_leaves":3,"minecraft:deepslate":1637,"minecraft:fern":1},"minecraft:custom":{"minecraft:mob_kills":66,"minecraft:animals_bred":58,"minecraft:interact_with_crafting_table":76,"minecraft:bell_ring":1,"minecraft:leave_game":8,"minecraft:time_since_death":252940,"minecraft:sprint_one_cm":471944,"minecraft:walk_one_cm":1772832,"minecraft:damage_blocked_by_shield":915,"minecraft:drop":37,"minecraft:talked_to_villager":2,"minecraft:play_time":435694,"minecraft:deaths":8,"minecraft:sneak_time":350,"minecraft:walk_under_water_one_cm":32253,"minecraft:jump":5247,"minecraft:interact_with_blast_furnace":1,"minecraft:walk_on_water_one_cm":53443,"minecraft:total_world_time":435694,"minecraft:interact_with_furnace":56,"minecraft:sleep_in_bed":7,"minecraft:time_since_rest":159694,"minecraft:damage_taken":5117,"minecraft:damage_dealt":10097,"minecraft:swim_one_cm":166979,"minecraft:fly_one_cm":512764,"minecraft:open_chest":51,"minecraft:crouch_one_cm":958,"tombstone:undead_killed":13,"minecraft:interact_with_smoker":11,"minecraft:fish_caught":2,"minecraft:fall_one_cm":82881},"minecraft:picked_up":{"minecraft:fishing_rod":1,"minecraft:crafting_table":3,"minecraft:wheat":149,"minecraft:chicken":2,"regions_unexplored:magnolia_log":25,"regions_unexplored:blue_bioshroom":1,"tombstone:grave_key":1,"minecraft:string":6,"regions_unexplored:prismarite_cluster":4,"minecraft:birch_fence":1,"regions_unexplored:medium_grass":21,"minecraft:cobbled_deepslate":722,"minecraft:beef":11,"minecraft:chest":1,"minecraft:sugar_cane":25,"minecraft:birch_sapling":6,"regions_unexplored:blackwood_log":20,"minecraft:furnace":5,"minecraft:stick":2,"minecraft:raw_iron":78,"minecraft:stone":47,"minecraft:copper_ingot":12,"minecraft:oak_fence":2,"minecraft:torch":31,"minecraft:porkchop":2,"tombstone:grave_dust":3,"minecraft:diorite":45,"minecraft:redstone":25,"minecraft:stone_sword":1,"minecraft:arrow":5,"minecraft:rotten_flesh":33,"tombstone:essence_of_undeath":1,"minecraft:mutton":1,"minecraft:white_wool":12,"minecraft:cobblestone":754,"minecraft:birch_log":78,"minecraft:feather":2,"minecraft:cooked_beef":4,"minecraft:tripwire_hook":1,"minecraft:andesite":23,"minecraft:salmon":12,"minecraft:leather":5,"minecraft:potato":478,"minecraft:flint":3,"minecraft:tuff":65,"minecraft:lapis_lazuli":71,"minecraft:dirt":407,"minecraft:cooked_mutton":2,"regions_unexplored:large_prismarite_cluster":3,"minecraft:bone":10,"minecraft:wheat_seeds":403,"minecraft:raw_gold":40,"minecraft:stone_pickaxe":2,"minecraft:oak_planks":3,"minecraft:pumpkin":6,"minecraft:poisonous_potato":1,"minecraft:gravel":41,"minecraft:sand":52,"alexsmobs:animal_dictionary":1,"regions_unexplored:pink_lupine":1,"minecraft:spider_eye":2,"minecraft:bundle":1,"minecraft:diamond":136,"regions_unexplored:willow_shrub":1,"regions_unexplored:clover":199,"minecraft:granite":50,"regions_unexplored:magnolia_fence":6,"alexsmobs:maggot":1,"minecraft:baked_potato":5,"tombstone:magic_scroll":1,"minecraft:coal":121}},"DataVersion":3465}