{"stats":{"minecraft:custom":{"minecraft:mob_kills":152,"minecraft:interact_with_crafting_table":57,"minecraft:interact_with_campfire":4,"minecraft:damage_dealt_resisted":336,"minecraft:leave_game":10,"minecraft:time_since_death":169046,"minecraft:climb_one_cm":521,"minecraft:sprint_one_cm":358004,"minecraft:walk_one_cm":857854,"minecraft:damage_blocked_by_shield":180,"minecraft:drop":2,"minecraft:play_time":265635,"minecraft:deaths":1,"minecraft:sneak_time":1632,"minecraft:walk_under_water_one_cm":11895,"minecraft:boat_one_cm":103500,"minecraft:jump":3434,"minecraft:walk_on_water_one_cm":19548,"minecraft:total_world_time":265635,"minecraft:interact_with_furnace":124,"minecraft:sleep_in_bed":5,"minecraft:time_since_rest":12157,"minecraft:damage_taken":3183,"minecraft:damage_dealt":19609,"minecraft:swim_one_cm":60569,"minecraft:fly_one_cm":322852,"minecraft:player_kills":1,"minecraft:open_chest":21,"minecraft:crouch_one_cm":5724,"tombstone:undead_killed":42,"minecraft:fish_caught":8,"minecraft:fall_one_cm":79975},"minecraft:dropped":{"minecraft:cobblestone":1,"minecraft:music_disc_cat":1},"minecraft:broken":{"minecraft:stone_sword":1,"minecraft:wooden_pickaxe":2,"minecraft:stone_pickaxe":7,"minecraft:stone_axe":3},"minecraft:crafted":{"minecraft:oak_planks":192,"minecraft:stone_shovel":2,"minecraft:spyglass":1,"minecraft:cooked_chicken":18,"minecraft:furnace":10,"minecraft:bone_meal":27,"minecraft:iron_boots":1,"minecraft:iron_axe":1,"minecraft:stone_pickaxe":12,"minecraft:chest":2,"minecraft:cooked_beef":12,"minecraft:cooked_cod":6,"minecraft:cooked_porkchop":50,"minecraft:crafting_table":15,"minecraft:spruce_planks":32,"minecraft:wooden_pickaxe":2,"minecraft:iron_helmet":1,"minecraft:iron_sword":1,"minecraft:cooked_salmon":1,"minecraft:copper_ingot":2,"minecraft:bucket":1,"minecraft:stone_axe":3,"minecraft:bread":1,"minecraft:air":0,"minecraft:oak_boat":1,"minecraft:white_wool":3,"minecraft:iron_chestplate":2,"minecraft:charcoal":19,"minecraft:shield":1,"minecraft:stick":88,"minecraft:iron_pickaxe":2,"minecraft:iron_ingot":48,"minecraft:stone_sword":2,"minecraft:iron_leggings":1,"minecraft:white_bed":1,"minecraft:torch":140},"minecraft:picked_up":{"regions_unexplored:small_oak_log":3,"minecraft:crafting_table":3,"minecraft:chicken":18,"minecraft:clay_ball":64,"minecraft:music_disc_cat":1,"minecraft:string":12,"minecraft:raw_copper":2,"minecraft:pufferfish":1,"minecraft:cobbled_deepslate":176,"minecraft:beef":12,"minecraft:azalea":2,"minecraft:sugar_cane":7,"minecraft:birch_sapling":2,"minecraft:stick":1,"minecraft:raw_iron":112,"minecraft:sandstone":18,"minecraft:torch":16,"sophisticatedbackpacks:backpack":1,"minecraft:porkchop":62,"tombstone:grave_dust":7,"minecraft:diorite":21,"minecraft:carrot":1,"minecraft:redstone":4,"regions_unexplored:dusktrap":2,"minecraft:arrow":20,"minecraft:rotten_flesh":41,"regions_unexplored:redstone_bulb":2,"minecraft:glow_berries":29,"minecraft:cod":6,"minecraft:cobblestone":723,"minecraft:birch_log":70,"minecraft:feather":21,"minecraft:salmon":1,"minecraft:leather":9,"minecraft:tuff":3,"minecraft:oak_log":71,"minecraft:lapis_lazuli":75,"minecraft:dirt":142,"regions_unexplored:small_oak_sapling":1,"minecraft:bone":14,"minecraft:bow":3,"minecraft:wheat_seeds":12,"minecraft:moss_block":4,"regions_unexplored:yellow_lupine":1,"minecraft:sweet_berries":23,"minecraft:dandelion":2,"minecraft:gravel":1,"minecraft:sand":22,"minecraft:amethyst_shard":4,"minecraft:white_bed":1,"minecraft:spruce_log":6,"minecraft:spider_eye":4,"minecraft:dark_oak_log":2,"regions_unexplored:pink_lupine":1,"minecraft:slime_ball":10,"regions_unexplored:clover":19,"regions_unexplored:willow_log":25,"alexsmobs:maggot":2,"minecraft:coal":223},"minecraft:mined":{"minecraft:large_amethyst_bud":1,"minecraft:tuff":3,"minecraft:white_bed":1,"regions_unexplored:blue_lupine":1,"regions_unexplored:willow_leaves":10,"regions_unexplored:pink_lupine":1,"regions_unexplored:dusktrap":2,"minecraft:dark_oak_log":2,"regions_unexplored:oak_branch":1,"minecraft:cave_vines_plant":1,"minecraft:grass_block":85,"minecraft:spruce_leaves":2,"minecraft:moss_block":4,"minecraft:sandstone":49,"minecraft:large_fern":2,"regions_unexplored:small_oak_leaves":3,"minecraft:cobbled_deepslate":4,"minecraft:iron_ore":83,"regions_unexplored:purple_lupine":1,"minecraft:deepslate_lapis_ore":7,"minecraft:dirt_path":5,"minecraft:cave_vines":1,"minecraft:deepslate_iron_ore":29,"regions_unexplored:medium_grass":16,"minecraft:azalea":2,"regions_unexplored:small_oak_log":1,"minecraft:stone":713,"regions_unexplored:bladed_grass":3,"regions_unexplored:redstone_bulb":1,"regions_unexplored:willow_log":26,"regions_unexplored:yellow_lupine":1,"minecraft:amethyst_cluster":1,"minecraft:clay":16,"minecraft:crafting_table":3,"minecraft:torch":4,"regions_unexplored:bladed_tall_grass":1,"minecraft:cobblestone":1,"minecraft:tall_grass":10,"minecraft:copper_ore":1,"minecraft:lapis_ore":5,"minecraft:sugar_cane":4,"minecraft:diorite":21,"minecraft:wall_torch":11,"minecraft:birch_log":70,"minecraft:sweet_berry_bush":1,"minecraft:spruce_log":6,"minecraft:birch_leaves":7,"regions_unexplored:mauve_leaves":1,"regions_unexplored:sandy_grass":3,"minecraft:grass":12,"minecraft:oak_log":70,"minecraft:coal_ore":223,"minecraft:gravel":1,"minecraft:sand":22,"minecraft:dirt":35,"regions_unexplored:clover":7,"minecraft:oak_leaves":8,"minecraft:deepslate":172,"minecraft:fern":7},"minecraft:killed":{"minecraft:spider":13,"minecraft:slime":13,"minecraft:skeleton":17,"minecraft:chicken":18,"minecraft:drowned":2,"minecraft:pig":32,"minecraft:zombie_villager":1,"alexsmobs:seal":1,"minecraft:zombie":45,"alexsmobs:fly":1,"minecraft:cow":8},"minecraft:used":{"minecraft:azalea":2,"minecraft:moss_block":4,"minecraft:stone_sword":267,"minecraft:stone_shovel":149,"minecraft:chest":2,"minecraft:shield":6,"minecraft:iron_sword":17,"minecraft:cooked_salmon":3,"minecraft:cooked_chicken":18,"minecraft:iron_chestplate":1,"minecraft:torch":82,"regions_unexplored:small_oak_log":1,"minecraft:dirt":23,"minecraft:carrot":1,"regions_unexplored:clover":4,"minecraft:tuff":3,"alexsmobs:maggot":2,"minecraft:birch_sapling":2,"minecraft:iron_helmet":1,"minecraft:iron_boots":1,"minecraft:bow":4,"minecraft:sweet_berries":24,"minecraft:furnace":10,"minecraft:cooked_cod":4,"regions_unexplored:small_oak_sapling":1,"tombstone:gift":1,"minecraft:cooked_beef":6,"minecraft:cobbled_deepslate":25,"minecraft:iron_leggings":1,"minecraft:water_bucket":1,"regions_unexplored:redstone_bulb":2,"minecraft:stone_pickaxe":1229,"minecraft:wooden_pickaxe":118,"minecraft:sandstone":18,"minecraft:glow_berries":26,"minecraft:sand":22,"minecraft:crafting_table":18,"regions_unexplored:dusktrap":2,"minecraft:white_bed":1,"minecraft:dark_oak_log":2,"minecraft:bread":14,"minecraft:iron_pickaxe":1,"minecraft:gravel":1,"minecraft:stone_axe":304,"minecraft:fishing_rod":8,"minecraft:cobblestone":35,"minecraft:cooked_porkchop":2,"minecraft:bucket":1,"minecraft:oak_boat":1,"alexsmobs:animal_dictionary":2,"minecraft:dandelion":2}},"DataVersion":3465}