{"stats":{"minecraft:used":{"minecraft:azalea":2,"minecraft:oak_fence":5,"minecraft:moss_block":4,"minecraft:stone_sword":267,"minecraft:iron_shovel":389,"minecraft:stone_shovel":313,"minecraft:chest":4,"minecraft:shield":6,"minecraft:iron_sword":285,"minecraft:cooked_salmon":3,"minecraft:cooked_chicken":18,"minecraft:stone_hoe":80,"minecraft:oak_door":1,"minecraft:iron_chestplate":2,"minecraft:torch":263,"regions_unexplored:small_oak_log":1,"minecraft:dirt":581,"minecraft:diamond_helmet":1,"minecraft:carrot":1,"regions_unexplored:clover":4,"minecraft:tuff":3,"minecraft:oak_fence_gate":1,"alexsmobs:maggot":2,"regions_unexplored:blue_magnolia_shrub":1,"regions_unexplored:maple_fence":18,"minecraft:iron_axe":303,"minecraft:birch_sapling":2,"minecraft:iron_helmet":1,"minecraft:iron_boots":1,"regions_unexplored:duskmelon_slice":3,"minecraft:bow":16,"minecraft:sweet_berries":24,"minecraft:furnace":16,"minecraft:cooked_cod":4,"tombstone:gift":2,"regions_unexplored:small_oak_sapling":3,"minecraft:potato":35,"minecraft:cooked_beef":6,"minecraft:cobbled_deepslate":25,"minecraft:iron_leggings":2,"minecraft:wheat_seeds":17,"minecraft:water_bucket":18,"minecraft:diamond_boots":1,"regions_unexplored:redstone_bulb":2,"minecraft:oak_planks":1,"minecraft:stone_pickaxe":1383,"minecraft:wooden_pickaxe":118,"minecraft:sandstone":18,"minecraft:sugar_cane":11,"minecraft:glow_berries":26,"minecraft:mossy_cobblestone":1,"minecraft:sand":22,"minecraft:crafting_table":24,"regions_unexplored:dusktrap":2,"minecraft:white_bed":2,"regions_unexplored:cherry_shrub":1,"minecraft:oak_log":3,"minecraft:diamond_pickaxe":35,"minecraft:dark_oak_log":2,"minecraft:iron_pickaxe":538,"minecraft:bread":52,"minecraft:gravel":1,"minecraft:stone_axe":304,"minecraft:diamond_sword":121,"minecraft:fishing_rod":8,"minecraft:cobblestone":76,"minecraft:cooked_porkchop":32,"minecraft:andesite":9,"minecraft:bucket":19,"minecraft:oak_boat":1,"alexsmobs:animal_dictionary":2,"minecraft:dandelion":4},"minecraft:dropped":{"minecraft:cobblestone":1,"minecraft:music_disc_cat":1,"minecraft:pumpkin_seeds":1,"minecraft:melon_seeds":1},"minecraft:broken":{"minecraft:iron_shovel":1,"minecraft:stone_sword":1,"minecraft:iron_boots":1,"minecraft:wooden_pickaxe":2,"minecraft:stone_pickaxe":9,"minecraft:iron_axe":1,"minecraft:stone_axe":3,"minecraft:iron_sword":1,"minecraft:iron_helmet":1,"minecraft:stone_shovel":2},"minecraft:crafted":{"minecraft:oak_door":3,"minecraft:oak_planks":216,"minecraft:stone_shovel":3,"minecraft:spyglass":1,"regions_unexplored:maple_planks":40,"minecraft:cooked_chicken":18,"minecraft:furnace":14,"minecraft:bone_meal":27,"minecraft:diamond_helmet":1,"minecraft:bow":1,"minecraft:iron_boots":1,"minecraft:iron_axe":2,"minecraft:stone_pickaxe":12,"minecraft:diamond_boots":1,"minecraft:chest":2,"regions_unexplored:willow_planks":12,"minecraft:stone_hoe":1,"minecraft:oak_fence":15,"sophisticatedbackpacks:iron_backpack":1,"minecraft:wheat":90,"minecraft:cooked_beef":12,"regions_unexplored:maple_fence":18,"minecraft:cooked_cod":6,"minecraft:diamond_sword":1,"minecraft:cooked_porkchop":62,"minecraft:crafting_table":21,"minecraft:spruce_planks":32,"minecraft:wooden_pickaxe":2,"minecraft:iron_helmet":1,"minecraft:iron_sword":2,"minecraft:cooked_salmon":1,"minecraft:copper_ingot":2,"minecraft:bucket":2,"minecraft:stone_axe":3,"minecraft:air":0,"minecraft:bread":33,"minecraft:oak_fence_gate":1,"minecraft:oak_boat":1,"minecraft:diamond_pickaxe":1,"minecraft:white_wool":3,"minecraft:iron_chestplate":3,"minecraft:charcoal":31,"minecraft:shield":1,"minecraft:stick":96,"minecraft:iron_ingot":70,"minecraft:iron_pickaxe":2,"minecraft:stone_sword":2,"minecraft:iron_shovel":2,"minecraft:iron_leggings":2,"minecraft:white_bed":1,"minecraft:torch":296},"minecraft:killed":{"minecraft:cave_spider":3,"minecraft:witch":1,"minecraft:spider":20,"minecraft:slime":13,"minecraft:skeleton":49,"minecraft:chicken":18,"alexsmobs:centipede_head":1,"minecraft:drowned":2,"minecraft:pig":32,"minecraft:zombie_villager":2,"alexsmobs:seal":1,"minecraft:creeper":7,"minecraft:zombie":103,"alexsmobs:fly":1,"minecraft:cow":8},"minecraft:mined":{"create:zinc_ore":11,"minecraft:diamond_ore":4,"minecraft:large_amethyst_bud":1,"create:deepslate_zinc_ore":18,"minecraft:tuff":35,"minecraft:white_bed":1,"regions_unexplored:blue_lupine":1,"regions_unexplored:willow_leaves":86,"minecraft:deepslate_diamond_ore":10,"regions_unexplored:maple_log":29,"regions_unexplored:pink_lupine":1,"minecraft:dark_oak_log":2,"regions_unexplored:dusktrap":6,"minecraft:granite":1,"minecraft:obsidian":28,"regions_unexplored:oak_branch":3,"minecraft:cave_vines_plant":1,"minecraft:grass_block":507,"regions_unexplored:purple_coneflower":21,"minecraft:spruce_leaves":2,"minecraft:moss_block":4,"regions_unexplored:duskmelon":3,"minecraft:sandstone":49,"minecraft:spawner":1,"minecraft:large_fern":2,"regions_unexplored:small_oak_leaves":10,"minecraft:hay_block":10,"minecraft:redstone_ore":3,"minecraft:furnace":2,"minecraft:fire":1,"minecraft:iron_ore":120,"minecraft:cobbled_deepslate":7,"regions_unexplored:mossy_stone":10,"regions_unexplored:purple_lupine":1,"minecraft:andesite":51,"minecraft:deepslate_lapis_ore":26,"minecraft:potatoes":17,"minecraft:dirt_path":43,"minecraft:cave_vines":1,"minecraft:deepslate_iron_ore":94,"regions_unexplored:medium_grass":82,"minecraft:azalea":2,"regions_unexplored:small_oak_log":48,"minecraft:stone":826,"regions_unexplored:bladed_grass":5,"regions_unexplored:redstone_bulb":1,"minecraft:deepslate_redstone_ore":5,"regions_unexplored:willow_log":166,"regions_unexplored:yellow_lupine":1,"minecraft:amethyst_cluster":2,"minecraft:dandelion":1,"minecraft:clay":31,"minecraft:crafting_table":3,"minecraft:torch":11,"regions_unexplored:bladed_tall_grass":3,"minecraft:chest":2,"minecraft:copper_ore":2,"minecraft:tall_grass":10,"minecraft:cobblestone":2,"minecraft:deepslate_coal_ore":8,"minecraft:deepslate_gold_ore":79,"minecraft:lapis_ore":7,"minecraft:sugar_cane":24,"minecraft:diorite":24,"minecraft:wall_torch":16,"minecraft:amethyst_block":14,"minecraft:deepslate_copper_ore":18,"minecraft:birch_log":81,"minecraft:wheat":9,"minecraft:sweet_berry_bush":1,"minecraft:spruce_log":6,"minecraft:birch_leaves":10,"regions_unexplored:mauve_leaves":1,"regions_unexplored:sandy_grass":3,"minecraft:grass":58,"regions_unexplored:oak_shrub":2,"regions_unexplored:cherry_shrub":1,"minecraft:oak_log":89,"minecraft:coal_ore":266,"minecraft:gravel":2,"minecraft:sand":22,"minecraft:dirt":85,"regions_unexplored:clover":7,"minecraft:smooth_basalt":1,"regions_unexplored:blue_magnolia_shrub":1,"minecraft:gold_ore":2,"minecraft:oak_leaves":11,"minecraft:deepslate":306,"minecraft:fern":21},"minecraft:custom":{"minecraft:mob_kills":270,"minecraft:interact_with_crafting_table":93,"minecraft:interact_with_campfire":4,"minecraft:damage_dealt_resisted":336,"minecraft:leave_game":14,"minecraft:time_since_death":85243,"minecraft:climb_one_cm":521,"minecraft:sprint_one_cm":882444,"minecraft:walk_one_cm":1558678,"minecraft:damage_blocked_by_shield":180,"minecraft:drop":4,"minecraft:damage_dealt_absorbed":80,"minecraft:talked_to_villager":1,"minecraft:play_time":500010,"minecraft:sneak_time":5603,"minecraft:deaths":2,"minecraft:walk_under_water_one_cm":14909,"minecraft:boat_one_cm":103500,"minecraft:jump":7143,"minecraft:walk_on_water_one_cm":77626,"minecraft:total_world_time":500010,"minecraft:interact_with_furnace":153,"tombstone:raider_killed":1,"minecraft:sleep_in_bed":15,"minecraft:time_since_rest":82844,"minecraft:damage_taken":7323,"minecraft:damage_dealt":41256,"minecraft:player_kills":1,"minecraft:swim_one_cm":64968,"minecraft:fly_one_cm":840787,"minecraft:open_chest":75,"minecraft:crouch_one_cm":20684,"tombstone:undead_killed":133,"minecraft:fish_caught":8,"minecraft:fall_one_cm":168295},"minecraft:picked_up":{"regions_unexplored:small_oak_log":50,"minecraft:crafting_table":3,"minecraft:wheat":8,"minecraft:chicken":18,"minecraft:clay_ball":124,"regions_unexplored:blue_magnolia_shrub":1,"minecraft:amethyst_block":14,"minecraft:music_disc_cat":1,"minecraft:string":20,"minecraft:moss_carpet":2,"minecraft:raw_copper":105,"minecraft:pufferfish":1,"regions_unexplored:duskmelon_slice":7,"minecraft:cobbled_deepslate":350,"minecraft:beef":12,"minecraft:azalea":2,"minecraft:chest":2,"minecraft:sugar_cane":32,"minecraft:birch_sapling":3,"minecraft:furnace":2,"minecraft:stick":64,"minecraft:raw_iron":313,"minecraft:sandstone":18,"minecraft:torch":33,"sophisticatedbackpacks:backpack":2,"minecraft:porkchop":62,"tombstone:grave_dust":14,"minecraft:diorite":21,"minecraft:carrot":1,"minecraft:redstone":57,"alexsmobs:centipede_leg":1,"regions_unexplored:purple_coneflower":80,"regions_unexplored:dusktrap":6,"minecraft:arrow":62,"minecraft:rotten_flesh":105,"regions_unexplored:redstone_bulb":2,"regions_unexplored:maple_sapling":8,"minecraft:hay_block":10,"tombstone:essence_of_undeath":1,"minecraft:obsidian":28,"minecraft:glow_berries":29,"minecraft:cobblestone":837,"minecraft:cod":6,"minecraft:birch_log":81,"minecraft:feather":21,"minecraft:andesite":36,"minecraft:salmon":1,"regions_unexplored:cherry_shrub":1,"minecraft:leather":9,"minecraft:potato":64,"minecraft:flint":4,"create:raw_zinc":49,"minecraft:tuff":49,"minecraft:oak_log":90,"minecraft:gunpowder":7,"minecraft:lapis_lazuli":247,"minecraft:dirt":704,"regions_unexplored:small_oak_sapling":5,"minecraft:bone":54,"minecraft:apple":1,"minecraft:bow":5,"minecraft:wheat_seeds":65,"minecraft:raw_gold":141,"minecraft:iron_ingot":1,"tombstone:bag_of_seeds":2,"minecraft:oak_planks":1,"minecraft:moss_block":4,"regions_unexplored:yellow_lupine":1,"minecraft:smooth_basalt":1,"minecraft:sweet_berries":23,"regions_unexplored:willow_sapling":23,"minecraft:dandelion":4,"regions_unexplored:oak_shrub":2,"minecraft:gravel":4,"minecraft:sand":22,"minecraft:amethyst_shard":8,"minecraft:white_bed":1,"minecraft:spruce_log":6,"regions_unexplored:pink_lupine":1,"minecraft:dark_oak_log":2,"minecraft:spider_eye":9,"minecraft:mossy_cobblestone":10,"minecraft:bundle":3,"minecraft:slime_ball":10,"minecraft:diamond":27,"regions_unexplored:clover":19,"minecraft:granite":1,"regions_unexplored:maple_log":29,"regions_unexplored:willow_log":144,"alexsmobs:maggot":2,"minecraft:oak_sapling":1,"minecraft:melon_seeds":1,"minecraft:coal":305,"regions_unexplored:pointed_redstone":1}},"DataVersion":3465}