{"stats":{"minecraft:dropped":{"minecraft:melon_seeds":1,"minecraft:iron_ingot":30,"minecraft:cobblestone":1,"create:zinc_nugget":26,"minecraft:music_disc_cat":1,"minecraft:pumpkin_seeds":1,"minecraft:andesite":38},"minecraft:custom":{"minecraft:interact_with_crafting_table":128,"minecraft:leave_game":16,"minecraft:time_since_death":148245,"minecraft:sprint_one_cm":948474,"minecraft:damage_blocked_by_shield":180,"minecraft:drop":24,"minecraft:talked_to_villager":1,"minecraft:play_time":563012,"minecraft:deaths":2,"minecraft:jump":7527,"minecraft:walk_on_water_one_cm":79713,"minecraft:interact_with_furnace":186,"minecraft:sleep_in_bed":16,"minecraft:damage_dealt":42376,"minecraft:player_kills":1,"minecraft:crouch_one_cm":20753,"tombstone:undead_killed":139,"minecraft:mob_kills":276,"minecraft:interact_with_campfire":4,"minecraft:damage_dealt_resisted":336,"minecraft:climb_one_cm":521,"minecraft:walk_one_cm":1676337,"minecraft:damage_dealt_absorbed":200,"minecraft:sneak_time":5812,"minecraft:walk_under_water_one_cm":15595,"minecraft:boat_one_cm":103500,"minecraft:interact_with_blast_furnace":23,"minecraft:total_world_time":563012,"tombstone:raider_killed":1,"minecraft:time_since_rest":39287,"minecraft:damage_taken":7672,"minecraft:swim_one_cm":64968,"minecraft:fly_one_cm":875859,"minecraft:open_chest":97,"minecraft:fish_caught":8,"minecraft:fall_one_cm":173532},"minecraft:crafted":{"minecraft:oak_planks":216,"minecraft:smooth_stone":6,"regions_unexplored:maple_planks":80,"minecraft:cooked_chicken":18,"create:mechanical_harvester":4,"minecraft:stone":9,"minecraft:lever":1,"create:mechanical_bearing":1,"minecraft:diamond_helmet":1,"minecraft:bow":1,"minecraft:iron_boots":1,"create:mechanical_press":1,"minecraft:chest":3,"regions_unexplored:willow_planks":44,"minecraft:stone_hoe":1,"minecraft:oak_fence":15,"create:cogwheel":5,"regions_unexplored:maple_fence":18,"minecraft:cooked_porkchop":62,"minecraft:crafting_table":21,"minecraft:spruce_planks":32,"minecraft:wooden_pickaxe":2,"minecraft:baked_potato":36,"minecraft:iron_helmet":1,"create:zinc_nugget":72,"minecraft:copper_ingot":9,"create:mechanical_mixer":1,"minecraft:iron_chestplate":3,"minecraft:diamond_pickaxe":1,"minecraft:charcoal":31,"create:water_wheel":3,"minecraft:shield":1,"create:super_glue":5,"minecraft:stone_slab":6,"minecraft:stick":100,"minecraft:iron_ingot":116,"minecraft:iron_pickaxe":2,"minecraft:iron_block":1,"minecraft:stone_sword":2,"minecraft:gold_ingot":13,"create:large_cogwheel":6,"minecraft:shears":1,"minecraft:oak_door":3,"minecraft:stone_shovel":3,"minecraft:iron_nugget":9,"minecraft:spyglass":1,"minecraft:furnace":17,"minecraft:blast_furnace":2,"minecraft:bone_meal":27,"minecraft:iron_axe":2,"minecraft:stone_pickaxe":12,"minecraft:diamond_boots":1,"regions_unexplored:willow_slab":6,"create:basin":1,"create:windmill_bearing":1,"sophisticatedbackpacks:iron_backpack":1,"minecraft:wheat":90,"minecraft:cooked_beef":12,"minecraft:cooked_cod":6,"create:andesite_alloy":23,"minecraft:diamond_sword":1,"minecraft:iron_sword":2,"create:large_water_wheel":2,"minecraft:cooked_salmon":1,"minecraft:bucket":2,"minecraft:stone_axe":3,"minecraft:bread":33,"minecraft:air":0,"minecraft:oak_fence_gate":1,"minecraft:oak_boat":1,"create:whisk":1,"minecraft:white_wool":3,"create:linear_chassis":6,"minecraft:iron_shovel":2,"minecraft:iron_leggings":2,"minecraft:white_bed":1,"create:shaft":24,"minecraft:torch":296,"create:zinc_ingot":16},"minecraft:killed":{"minecraft:cave_spider":3,"minecraft:witch":1,"minecraft:spider":20,"minecraft:skeleton":51,"minecraft:chicken":18,"alexsmobs:centipede_head":1,"minecraft:pig":32,"minecraft:zombie_villager":2,"alexsmobs:seal":1,"minecraft:creeper":7,"minecraft:zombie":107,"alexsmobs:fly":1,"minecraft:cow":8,"minecraft:slime":13,"minecraft:drowned":2},"minecraft:used":{"minecraft:moss_block":4,"minecraft:iron_shovel":411,"minecraft:chest":5,"minecraft:shield":6,"minecraft:iron_sword":307,"create:mechanical_bearing":1,"minecraft:iron_chestplate":2,"create:cogwheel":10,"minecraft:carrot":1,"minecraft:tuff":3,"regions_unexplored:willow_planks":2,"minecraft:birch_sapling":2,"minecraft:iron_helmet":1,"minecraft:bow":16,"minecraft:sweet_berries":24,"create:shaft":6,"minecraft:furnace":19,"minecraft:cooked_cod":4,"regions_unexplored:small_oak_sapling":3,"minecraft:potato":57,"minecraft:diamond_boots":1,"regions_unexplored:redstone_bulb":2,"minecraft:stone_pickaxe":1383,"minecraft:oak_planks":1,"minecraft:wooden_pickaxe":118,"minecraft:sandstone":18,"minecraft:sugar_cane":11,"minecraft:glow_berries":26,"minecraft:sand":22,"regions_unexplored:dusktrap":2,"minecraft:blast_furnace":2,"regions_unexplored:cherry_shrub":1,"minecraft:shears":2,"minecraft:lever":3,"minecraft:dark_oak_log":2,"minecraft:bread":53,"create:andesite_casing":1,"minecraft:gravel":1,"minecraft:diamond_sword":121,"create:basin":1,"minecraft:andesite":9,"minecraft:oak_boat":1,"create:large_cogwheel":13,"minecraft:azalea":2,"minecraft:oak_fence":7,"minecraft:stone_sword":267,"minecraft:stone_shovel":313,"minecraft:cooked_salmon":3,"minecraft:stone_hoe":80,"minecraft:cooked_chicken":18,"minecraft:oak_door":1,"regions_unexplored:small_oak_log":1,"minecraft:torch":278,"minecraft:dirt":587,"create:mechanical_mixer":4,"minecraft:diamond_helmet":1,"regions_unexplored:clover":4,"minecraft:oak_fence_gate":1,"alexsmobs:maggot":2,"regions_unexplored:blue_magnolia_shrub":1,"regions_unexplored:maple_fence":18,"minecraft:iron_axe":320,"minecraft:iron_boots":1,"regions_unexplored:duskmelon_slice":3,"tombstone:gift":4,"minecraft:cooked_beef":6,"minecraft:cobbled_deepslate":25,"minecraft:iron_leggings":2,"minecraft:wheat_seeds":17,"minecraft:water_bucket":21,"minecraft:mossy_cobblestone":1,"minecraft:crafting_table":24,"create:mechanical_harvester":4,"minecraft:white_bed":2,"minecraft:oak_log":3,"tombstone:bag_of_seeds":2,"create:linear_chassis":14,"minecraft:diamond_pickaxe":143,"create:mechanical_press":2,"create:windmill_bearing":1,"minecraft:iron_pickaxe":626,"create:water_wheel":1,"create:large_water_wheel":2,"minecraft:stone_axe":304,"minecraft:fishing_rod":8,"minecraft:cobblestone":82,"minecraft:cooked_porkchop":36,"regions_unexplored:willow_leaves":2,"minecraft:bucket":21,"alexsmobs:animal_dictionary":2,"regions_unexplored:maple_log":11,"minecraft:dandelion":4},"minecraft:broken":{"minecraft:iron_shovel":1,"minecraft:iron_boots":1,"minecraft:stone_pickaxe":9,"minecraft:stone_axe":3,"minecraft:iron_sword":1,"minecraft:stone_shovel":2,"minecraft:stone_sword":1,"minecraft:wooden_pickaxe":2,"minecraft:iron_axe":1,"minecraft:iron_helmet":1},"minecraft:mined":{"minecraft:large_amethyst_bud":1,"create:deepslate_zinc_ore":18,"minecraft:white_bed":1,"minecraft:farmland":2,"regions_unexplored:blue_lupine":1,"regions_unexplored:willow_planks":1,"regions_unexplored:maple_log":31,"create:andesite_casing":10,"minecraft:obsidian":28,"minecraft:cave_vines_plant":1,"minecraft:granite":1,"minecraft:grass_block":524,"regions_unexplored:purple_coneflower":21,"minecraft:spawner":1,"regions_unexplored:small_oak_leaves":10,"minecraft:iron_ore":122,"minecraft:cobbled_deepslate":7,"minecraft:fire":1,"regions_unexplored:mossy_stone":10,"regions_unexplored:purple_lupine":1,"minecraft:deepslate_lapis_ore":26,"minecraft:cave_vines":1,"minecraft:dirt_path":46,"minecraft:azalea":2,"create:mechanical_press":1,"minecraft:deepslate_redstone_ore":5,"create:cogwheel":1,"regions_unexplored:willow_log":166,"regions_unexplored:yellow_lupine":1,"minecraft:amethyst_cluster":2,"minecraft:clay":31,"minecraft:torch":11,"regions_unexplored:bladed_tall_grass":3,"minecraft:chest":2,"minecraft:cobblestone":3,"minecraft:sugar_cane":32,"minecraft:wall_torch":20,"minecraft:amethyst_block":14,"minecraft:deepslate_copper_ore":18,"minecraft:birch_log":81,"minecraft:wheat":10,"create:mechanical_mixer":3,"regions_unexplored:mauve_leaves":1,"minecraft:grass":58,"regions_unexplored:cherry_shrub":1,"regions_unexplored:oak_shrub":2,"minecraft:oak_log":89,"minecraft:sand":22,"minecraft:dirt":93,"regions_unexplored:clover":7,"minecraft:smooth_basalt":1,"create:linear_chassis":8,"minecraft:oak_leaves":11,"minecraft:deepslate":306,"create:zinc_ore":11,"minecraft:diamond_ore":4,"minecraft:tuff":35,"regions_unexplored:willow_leaves":88,"minecraft:deepslate_diamond_ore":10,"regions_unexplored:pink_lupine":1,"minecraft:dark_oak_log":2,"regions_unexplored:dusktrap":6,"regions_unexplored:oak_branch":3,"minecraft:lever":2,"create:large_cogwheel":3,"minecraft:spruce_leaves":2,"minecraft:moss_block":4,"regions_unexplored:duskmelon":3,"minecraft:sandstone":49,"minecraft:large_fern":2,"minecraft:hay_block":10,"minecraft:redstone_ore":3,"create:shaft":1,"minecraft:furnace":4,"minecraft:andesite":135,"create:windmill_bearing":1,"minecraft:potatoes":38,"minecraft:deepslate_iron_ore":94,"regions_unexplored:medium_grass":83,"regions_unexplored:small_oak_log":48,"minecraft:stone":882,"regions_unexplored:bladed_grass":5,"regions_unexplored:redstone_bulb":1,"minecraft:dandelion":1,"minecraft:crafting_table":3,"minecraft:tall_grass":10,"minecraft:copper_ore":2,"minecraft:deepslate_coal_ore":8,"minecraft:deepslate_gold_ore":79,"minecraft:lapis_ore":7,"minecraft:diorite":24,"minecraft:sweet_berry_bush":1,"minecraft:spruce_log":6,"minecraft:birch_leaves":10,"regions_unexplored:sandy_grass":3,"minecraft:coal_ore":292,"minecraft:gravel":2,"regions_unexplored:blue_magnolia_shrub":1,"minecraft:gold_ore":2,"minecraft:fern":21},"minecraft:picked_up":{"regions_unexplored:pointed_redstone":1,"minecraft:wheat":9,"regions_unexplored:blue_magnolia_shrub":1,"minecraft:amethyst_block":14,"minecraft:music_disc_cat":1,"minecraft:string":20,"minecraft:raw_copper":105,"minecraft:pufferfish":1,"create:mechanical_press":1,"minecraft:cobbled_deepslate":350,"minecraft:azalea":2,"regions_unexplored:willow_leaves":2,"minecraft:furnace":4,"minecraft:stick":64,"create:mechanical_mixer":3,"minecraft:torch":38,"create:andesite_casing":10,"minecraft:porkchop":62,"tombstone:grave_dust":14,"minecraft:diorite":21,"alexsmobs:centipede_leg":1,"create:large_cogwheel":3,"minecraft:rotten_flesh":105,"minecraft:obsidian":28,"minecraft:cod":6,"minecraft:cobblestone":891,"minecraft:birch_log":81,"minecraft:feather":21,"minecraft:andesite":120,"regions_unexplored:cherry_shrub":1,"minecraft:potato":136,"minecraft:flint":4,"minecraft:tuff":49,"create:raw_zinc":49,"minecraft:dirt":734,"minecraft:lapis_lazuli":247,"minecraft:bone":56,"minecraft:bow":5,"minecraft:wheat_seeds":69,"minecraft:raw_gold":141,"create:shaft":1,"minecraft:moss_block":4,"minecraft:pitcher_pod":3,"minecraft:oak_planks":1,"create:cogwheel":1,"minecraft:sand":22,"minecraft:poisonous_potato":2,"minecraft:dark_oak_log":2,"regions_unexplored:pink_lupine":1,"minecraft:mossy_cobblestone":10,"minecraft:bundle":3,"minecraft:diamond":27,"minecraft:lever":2,"regions_unexplored:clover":19,"minecraft:granite":1,"regions_unexplored:willow_log":144,"alexsmobs:maggot":2,"minecraft:oak_sapling":1,"minecraft:crafting_table":3,"minecraft:chicken":18,"minecraft:clay_ball":124,"minecraft:moss_carpet":2,"regions_unexplored:duskmelon_slice":7,"minecraft:beef":12,"minecraft:chest":2,"minecraft:sugar_cane":44,"minecraft:birch_sapling":3,"create:linear_chassis":8,"minecraft:raw_iron":317,"minecraft:sandstone":18,"sophisticatedbackpacks:backpack":3,"create:windmill_bearing":1,"minecraft:carrot":1,"minecraft:redstone":57,"regions_unexplored:purple_coneflower":80,"regions_unexplored:dusktrap":6,"minecraft:arrow":64,"regions_unexplored:redstone_bulb":2,"regions_unexplored:maple_sapling":8,"minecraft:hay_block":10,"tombstone:essence_of_undeath":1,"regions_unexplored:willow_planks":1,"minecraft:glow_berries":29,"create:iron_sheet":18,"minecraft:salmon":1,"minecraft:leather":9,"minecraft:oak_log":90,"minecraft:gunpowder":7,"regions_unexplored:small_oak_sapling":5,"minecraft:apple":1,"minecraft:iron_ingot":13,"tombstone:bag_of_seeds":2,"regions_unexplored:yellow_lupine":1,"minecraft:smooth_basalt":1,"minecraft:sweet_berries":23,"regions_unexplored:willow_sapling":23,"minecraft:dandelion":4,"regions_unexplored:oak_shrub":2,"minecraft:torchflower_seeds":2,"minecraft:gravel":4,"minecraft:amethyst_shard":8,"minecraft:white_bed":1,"minecraft:spruce_log":6,"minecraft:spider_eye":9,"minecraft:slime_ball":10,"regions_unexplored:maple_log":31,"minecraft:melon_seeds":1,"minecraft:coal":348,"regions_unexplored:small_oak_log":50}},"DataVersion":3465}