{"stats":{"minecraft:dropped":{"minecraft:melon_seeds":1,"minecraft:iron_ingot":23,"minecraft:cobblestone":1,"create:zinc_nugget":26,"minecraft:music_disc_cat":1,"minecraft:pumpkin_seeds":1,"minecraft:andesite":38},"minecraft:mined":{"minecraft:large_amethyst_bud":1,"create:deepslate_zinc_ore":18,"minecraft:white_bed":1,"minecraft:farmland":1,"regions_unexplored:blue_lupine":1,"regions_unexplored:willow_planks":1,"regions_unexplored:maple_log":31,"create:andesite_casing":9,"minecraft:obsidian":28,"minecraft:cave_vines_plant":1,"minecraft:granite":1,"minecraft:grass_block":524,"regions_unexplored:purple_coneflower":21,"minecraft:spawner":1,"regions_unexplored:small_oak_leaves":10,"minecraft:fire":1,"minecraft:cobbled_deepslate":7,"minecraft:iron_ore":122,"regions_unexplored:mossy_stone":10,"regions_unexplored:purple_lupine":1,"minecraft:deepslate_lapis_ore":26,"minecraft:cave_vines":1,"minecraft:dirt_path":46,"minecraft:azalea":2,"create:mechanical_press":1,"minecraft:deepslate_redstone_ore":5,"create:cogwheel":1,"regions_unexplored:willow_log":166,"regions_unexplored:yellow_lupine":1,"minecraft:amethyst_cluster":2,"minecraft:clay":31,"minecraft:torch":11,"regions_unexplored:bladed_tall_grass":3,"minecraft:chest":2,"minecraft:cobblestone":3,"minecraft:sugar_cane":32,"minecraft:wall_torch":18,"minecraft:amethyst_block":14,"minecraft:deepslate_copper_ore":18,"minecraft:birch_log":81,"minecraft:wheat":9,"create:mechanical_mixer":3,"regions_unexplored:mauve_leaves":1,"minecraft:grass":58,"regions_unexplored:cherry_shrub":1,"regions_unexplored:oak_shrub":2,"minecraft:oak_log":89,"minecraft:sand":22,"minecraft:dirt":91,"regions_unexplored:clover":7,"minecraft:smooth_basalt":1,"minecraft:oak_leaves":11,"minecraft:deepslate":306,"create:zinc_ore":11,"minecraft:diamond_ore":4,"minecraft:tuff":35,"regions_unexplored:willow_leaves":88,"minecraft:deepslate_diamond_ore":10,"regions_unexplored:pink_lupine":1,"regions_unexplored:dusktrap":6,"minecraft:dark_oak_log":2,"regions_unexplored:oak_branch":3,"create:large_cogwheel":3,"minecraft:spruce_leaves":2,"minecraft:moss_block":4,"regions_unexplored:duskmelon":3,"minecraft:sandstone":49,"minecraft:large_fern":2,"minecraft:hay_block":10,"minecraft:redstone_ore":3,"create:shaft":1,"minecraft:furnace":4,"minecraft:andesite":135,"minecraft:potatoes":36,"minecraft:deepslate_iron_ore":94,"regions_unexplored:medium_grass":82,"regions_unexplored:small_oak_log":48,"minecraft:stone":882,"regions_unexplored:bladed_grass":5,"regions_unexplored:redstone_bulb":1,"minecraft:dandelion":1,"minecraft:crafting_table":3,"minecraft:tall_grass":10,"minecraft:copper_ore":2,"minecraft:deepslate_coal_ore":8,"minecraft:lapis_ore":7,"minecraft:deepslate_gold_ore":79,"minecraft:diorite":24,"minecraft:sweet_berry_bush":1,"minecraft:spruce_log":6,"minecraft:birch_leaves":10,"regions_unexplored:sandy_grass":3,"minecraft:coal_ore":292,"minecraft:gravel":2,"regions_unexplored:blue_magnolia_shrub":1,"minecraft:gold_ore":2,"minecraft:fern":21},"minecraft:custom":{"minecraft:interact_with_crafting_table":114,"minecraft:leave_game":14,"minecraft:time_since_death":120953,"minecraft:sprint_one_cm":930571,"minecraft:damage_blocked_by_shield":180,"minecraft:drop":20,"minecraft:talked_to_villager":1,"minecraft:play_time":535720,"minecraft:deaths":2,"minecraft:jump":7431,"minecraft:walk_on_water_one_cm":79713,"minecraft:interact_with_furnace":180,"minecraft:sleep_in_bed":16,"minecraft:damage_dealt":41585,"minecraft:player_kills":1,"minecraft:crouch_one_cm":20687,"tombstone:undead_killed":135,"minecraft:mob_kills":272,"minecraft:interact_with_campfire":4,"minecraft:damage_dealt_resisted":336,"minecraft:climb_one_cm":521,"minecraft:walk_one_cm":1632462,"minecraft:damage_dealt_absorbed":200,"minecraft:sneak_time":5745,"minecraft:walk_under_water_one_cm":15595,"minecraft:boat_one_cm":103500,"minecraft:interact_with_blast_furnace":22,"minecraft:total_world_time":535720,"tombstone:raider_killed":1,"minecraft:time_since_rest":11995,"minecraft:damage_taken":7540,"minecraft:swim_one_cm":64968,"minecraft:fly_one_cm":868755,"minecraft:open_chest":89,"minecraft:fish_caught":8,"minecraft:fall_one_cm":172727},"minecraft:broken":{"minecraft:iron_shovel":1,"minecraft:iron_boots":1,"minecraft:stone_pickaxe":9,"minecraft:stone_axe":3,"minecraft:iron_sword":1,"minecraft:stone_shovel":2,"minecraft:stone_sword":1,"minecraft:wooden_pickaxe":2,"minecraft:iron_axe":1,"minecraft:iron_helmet":1},"minecraft:crafted":{"minecraft:oak_planks":216,"minecraft:smooth_stone":6,"regions_unexplored:maple_planks":80,"minecraft:cooked_chicken":18,"minecraft:stone":6,"minecraft:diamond_helmet":1,"minecraft:bow":1,"minecraft:iron_boots":1,"create:mechanical_press":1,"minecraft:chest":2,"regions_unexplored:willow_planks":32,"minecraft:stone_hoe":1,"create:cogwheel":5,"minecraft:oak_fence":15,"regions_unexplored:maple_fence":18,"minecraft:cooked_porkchop":62,"minecraft:crafting_table":21,"minecraft:spruce_planks":32,"minecraft:wooden_pickaxe":2,"minecraft:baked_potato":36,"minecraft:iron_helmet":1,"create:zinc_nugget":72,"minecraft:copper_ingot":9,"create:mechanical_mixer":1,"create:water_wheel":3,"minecraft:iron_chestplate":3,"minecraft:diamond_pickaxe":1,"minecraft:charcoal":31,"minecraft:shield":1,"minecraft:stick":96,"minecraft:iron_pickaxe":2,"minecraft:iron_ingot":116,"minecraft:iron_block":1,"minecraft:stone_sword":2,"minecraft:gold_ingot":13,"create:large_cogwheel":6,"minecraft:shears":1,"minecraft:oak_door":3,"minecraft:stone_shovel":3,"minecraft:spyglass":1,"minecraft:furnace":17,"minecraft:blast_furnace":2,"minecraft:bone_meal":27,"minecraft:iron_axe":2,"minecraft:stone_pickaxe":12,"minecraft:diamond_boots":1,"create:basin":1,"minecraft:wheat":90,"sophisticatedbackpacks:iron_backpack":1,"minecraft:cooked_beef":12,"minecraft:cooked_cod":6,"create:andesite_alloy":23,"minecraft:diamond_sword":1,"minecraft:iron_sword":2,"create:large_water_wheel":2,"minecraft:cooked_salmon":1,"minecraft:bucket":2,"minecraft:stone_axe":3,"minecraft:bread":33,"minecraft:air":0,"minecraft:oak_fence_gate":1,"minecraft:oak_boat":1,"create:whisk":1,"minecraft:white_wool":3,"minecraft:iron_shovel":2,"minecraft:iron_leggings":2,"minecraft:white_bed":1,"create:shaft":24,"minecraft:torch":296,"create:zinc_ingot":16},"minecraft:picked_up":{"regions_unexplored:pointed_redstone":1,"minecraft:wheat":8,"regions_unexplored:blue_magnolia_shrub":1,"minecraft:amethyst_block":14,"minecraft:music_disc_cat":1,"minecraft:string":20,"minecraft:raw_copper":105,"minecraft:pufferfish":1,"create:mechanical_press":1,"minecraft:cobbled_deepslate":350,"minecraft:azalea":2,"regions_unexplored:willow_leaves":2,"minecraft:furnace":4,"minecraft:stick":64,"create:mechanical_mixer":3,"minecraft:torch":36,"create:andesite_casing":9,"minecraft:porkchop":62,"tombstone:grave_dust":14,"minecraft:diorite":21,"alexsmobs:centipede_leg":1,"create:large_cogwheel":3,"minecraft:rotten_flesh":105,"minecraft:obsidian":28,"minecraft:cod":6,"minecraft:cobblestone":891,"minecraft:birch_log":81,"minecraft:feather":21,"minecraft:andesite":120,"regions_unexplored:cherry_shrub":1,"minecraft:potato":132,"minecraft:flint":4,"minecraft:tuff":49,"create:raw_zinc":49,"minecraft:dirt":731,"minecraft:lapis_lazuli":247,"minecraft:bone":56,"minecraft:bow":5,"minecraft:wheat_seeds":65,"minecraft:raw_gold":141,"create:shaft":1,"minecraft:moss_block":4,"minecraft:oak_planks":1,"minecraft:pitcher_pod":3,"create:cogwheel":1,"minecraft:poisonous_potato":1,"minecraft:sand":22,"minecraft:dark_oak_log":2,"regions_unexplored:pink_lupine":1,"minecraft:mossy_cobblestone":10,"minecraft:bundle":3,"minecraft:diamond":27,"regions_unexplored:clover":19,"minecraft:granite":1,"regions_unexplored:willow_log":144,"alexsmobs:maggot":2,"minecraft:oak_sapling":1,"minecraft:crafting_table":3,"minecraft:chicken":18,"minecraft:clay_ball":124,"minecraft:moss_carpet":2,"regions_unexplored:duskmelon_slice":7,"minecraft:beef":12,"minecraft:chest":2,"minecraft:sugar_cane":44,"minecraft:birch_sapling":3,"minecraft:raw_iron":317,"minecraft:sandstone":18,"sophisticatedbackpacks:backpack":3,"minecraft:carrot":1,"minecraft:redstone":57,"regions_unexplored:purple_coneflower":80,"regions_unexplored:dusktrap":6,"minecraft:arrow":64,"regions_unexplored:redstone_bulb":2,"regions_unexplored:maple_sapling":8,"minecraft:hay_block":10,"tombstone:essence_of_undeath":1,"regions_unexplored:willow_planks":1,"minecraft:glow_berries":29,"create:iron_sheet":15,"minecraft:salmon":1,"minecraft:leather":9,"minecraft:oak_log":90,"minecraft:gunpowder":7,"regions_unexplored:small_oak_sapling":5,"minecraft:apple":1,"minecraft:iron_ingot":9,"tombstone:bag_of_seeds":2,"regions_unexplored:yellow_lupine":1,"minecraft:smooth_basalt":1,"minecraft:sweet_berries":23,"regions_unexplored:willow_sapling":23,"minecraft:dandelion":4,"regions_unexplored:oak_shrub":2,"minecraft:torchflower_seeds":2,"minecraft:gravel":4,"minecraft:amethyst_shard":8,"minecraft:white_bed":1,"minecraft:spruce_log":6,"minecraft:spider_eye":9,"minecraft:slime_ball":10,"regions_unexplored:maple_log":31,"minecraft:melon_seeds":1,"minecraft:coal":348,"regions_unexplored:small_oak_log":50},"minecraft:killed":{"minecraft:cave_spider":3,"minecraft:witch":1,"minecraft:spider":20,"minecraft:skeleton":51,"minecraft:chicken":18,"alexsmobs:centipede_head":1,"minecraft:pig":32,"minecraft:zombie_villager":2,"alexsmobs:seal":1,"minecraft:creeper":7,"minecraft:zombie":103,"alexsmobs:fly":1,"minecraft:cow":8,"minecraft:slime":13,"minecraft:drowned":2},"minecraft:used":{"minecraft:moss_block":4,"minecraft:iron_shovel":411,"minecraft:chest":4,"minecraft:shield":6,"minecraft:iron_sword":293,"minecraft:iron_chestplate":2,"create:cogwheel":10,"minecraft:carrot":1,"minecraft:tuff":3,"regions_unexplored:willow_planks":2,"minecraft:birch_sapling":2,"minecraft:iron_helmet":1,"minecraft:bow":16,"create:shaft":4,"minecraft:sweet_berries":24,"minecraft:furnace":19,"minecraft:cooked_cod":4,"regions_unexplored:small_oak_sapling":3,"minecraft:potato":53,"minecraft:diamond_boots":1,"regions_unexplored:redstone_bulb":2,"minecraft:stone_pickaxe":1383,"minecraft:oak_planks":1,"minecraft:wooden_pickaxe":118,"minecraft:sandstone":18,"minecraft:sugar_cane":11,"minecraft:glow_berries":26,"minecraft:sand":22,"minecraft:blast_furnace":2,"regions_unexplored:dusktrap":2,"minecraft:shears":2,"regions_unexplored:cherry_shrub":1,"minecraft:dark_oak_log":2,"minecraft:bread":53,"minecraft:gravel":1,"minecraft:diamond_sword":121,"create:basin":1,"minecraft:andesite":9,"minecraft:oak_boat":1,"create:large_cogwheel":13,"minecraft:azalea":2,"minecraft:oak_fence":7,"minecraft:stone_sword":267,"minecraft:stone_shovel":313,"minecraft:cooked_salmon":3,"minecraft:stone_hoe":80,"minecraft:cooked_chicken":18,"minecraft:oak_door":1,"regions_unexplored:small_oak_log":1,"minecraft:torch":276,"minecraft:dirt":585,"create:mechanical_mixer":4,"minecraft:diamond_helmet":1,"regions_unexplored:clover":4,"minecraft:oak_fence_gate":1,"alexsmobs:maggot":2,"regions_unexplored:blue_magnolia_shrub":1,"regions_unexplored:maple_fence":18,"minecraft:iron_axe":320,"minecraft:iron_boots":1,"regions_unexplored:duskmelon_slice":3,"tombstone:gift":4,"minecraft:cooked_beef":6,"minecraft:cobbled_deepslate":25,"minecraft:iron_leggings":2,"minecraft:wheat_seeds":17,"minecraft:water_bucket":21,"minecraft:mossy_cobblestone":1,"minecraft:crafting_table":24,"minecraft:white_bed":2,"minecraft:oak_log":3,"tombstone:bag_of_seeds":2,"minecraft:diamond_pickaxe":143,"create:mechanical_press":2,"minecraft:iron_pickaxe":615,"create:water_wheel":1,"create:large_water_wheel":2,"minecraft:stone_axe":304,"minecraft:fishing_rod":8,"minecraft:cobblestone":82,"minecraft:cooked_porkchop":34,"regions_unexplored:willow_leaves":2,"minecraft:bucket":21,"alexsmobs:animal_dictionary":2,"regions_unexplored:maple_log":11,"minecraft:dandelion":4}},"DataVersion":3465}