{"stats":{"minecraft:killed":{"minecraft:witch":1,"minecraft:spider":14,"minecraft:slime":13,"minecraft:skeleton":28,"minecraft:chicken":18,"minecraft:drowned":2,"minecraft:pig":32,"minecraft:zombie_villager":2,"alexsmobs:seal":1,"minecraft:creeper":4,"minecraft:zombie":78,"alexsmobs:fly":1,"minecraft:cow":8},"minecraft:used":{"minecraft:azalea":2,"minecraft:oak_fence":5,"minecraft:moss_block":4,"minecraft:stone_sword":267,"minecraft:iron_shovel":374,"minecraft:stone_shovel":313,"minecraft:chest":4,"minecraft:shield":6,"minecraft:iron_sword":210,"minecraft:cooked_salmon":3,"minecraft:cooked_chicken":18,"minecraft:stone_hoe":80,"minecraft:oak_door":1,"minecraft:iron_chestplate":1,"minecraft:torch":168,"regions_unexplored:small_oak_log":1,"minecraft:dirt":574,"minecraft:carrot":1,"regions_unexplored:clover":4,"minecraft:tuff":3,"minecraft:oak_fence_gate":1,"alexsmobs:maggot":2,"regions_unexplored:blue_magnolia_shrub":1,"regions_unexplored:maple_fence":18,"minecraft:iron_axe":303,"minecraft:birch_sapling":2,"minecraft:iron_helmet":1,"minecraft:iron_boots":1,"minecraft:bow":14,"minecraft:sweet_berries":24,"minecraft:furnace":12,"minecraft:cooked_cod":4,"tombstone:gift":2,"regions_unexplored:small_oak_sapling":3,"minecraft:potato":35,"minecraft:cooked_beef":6,"minecraft:cobbled_deepslate":25,"minecraft:iron_leggings":1,"minecraft:wheat_seeds":17,"minecraft:water_bucket":6,"regions_unexplored:redstone_bulb":2,"minecraft:stone_pickaxe":1383,"minecraft:wooden_pickaxe":118,"minecraft:sandstone":18,"minecraft:sugar_cane":11,"minecraft:glow_berries":26,"minecraft:sand":22,"minecraft:crafting_table":19,"regions_unexplored:dusktrap":2,"minecraft:white_bed":2,"regions_unexplored:cherry_shrub":1,"minecraft:dark_oak_log":2,"minecraft:iron_pickaxe":195,"minecraft:bread":46,"minecraft:gravel":1,"minecraft:stone_axe":304,"minecraft:fishing_rod":8,"minecraft:cobblestone":42,"minecraft:cooked_porkchop":12,"minecraft:andesite":4,"minecraft:bucket":7,"minecraft:oak_boat":1,"alexsmobs:animal_dictionary":2,"minecraft:dandelion":4},"minecraft:picked_up":{"regions_unexplored:small_oak_log":50,"minecraft:crafting_table":3,"minecraft:wheat":8,"minecraft:chicken":18,"minecraft:clay_ball":64,"regions_unexplored:blue_magnolia_shrub":1,"minecraft:music_disc_cat":1,"minecraft:string":15,"minecraft:moss_carpet":2,"minecraft:raw_copper":5,"minecraft:pufferfish":1,"minecraft:cobbled_deepslate":234,"minecraft:beef":12,"minecraft:azalea":2,"minecraft:chest":2,"minecraft:sugar_cane":32,"minecraft:birch_sapling":3,"minecraft:stick":64,"minecraft:raw_iron":167,"minecraft:sandstone":18,"minecraft:torch":30,"sophisticatedbackpacks:backpack":1,"minecraft:porkchop":62,"tombstone:grave_dust":7,"minecraft:diorite":21,"minecraft:carrot":1,"minecraft:redstone":37,"regions_unexplored:purple_coneflower":80,"regions_unexplored:dusktrap":2,"minecraft:arrow":36,"minecraft:rotten_flesh":79,"regions_unexplored:redstone_bulb":2,"regions_unexplored:maple_sapling":8,"minecraft:hay_block":10,"minecraft:glow_berries":29,"minecraft:cod":6,"minecraft:cobblestone":821,"minecraft:birch_log":81,"minecraft:feather":21,"minecraft:andesite":29,"minecraft:salmon":1,"regions_unexplored:cherry_shrub":1,"minecraft:leather":9,"minecraft:potato":64,"minecraft:tuff":41,"minecraft:oak_log":87,"minecraft:gunpowder":6,"minecraft:lapis_lazuli":171,"minecraft:dirt":704,"regions_unexplored:small_oak_sapling":5,"minecraft:bone":32,"minecraft:apple":1,"minecraft:bow":3,"minecraft:wheat_seeds":64,"minecraft:raw_gold":57,"tombstone:bag_of_seeds":1,"minecraft:moss_block":4,"regions_unexplored:yellow_lupine":1,"minecraft:sweet_berries":23,"regions_unexplored:willow_sapling":23,"minecraft:dandelion":4,"regions_unexplored:oak_shrub":2,"minecraft:gravel":1,"minecraft:sand":22,"minecraft:amethyst_shard":4,"minecraft:white_bed":1,"minecraft:spruce_log":6,"regions_unexplored:pink_lupine":1,"minecraft:dark_oak_log":2,"minecraft:spider_eye":8,"minecraft:mossy_cobblestone":10,"minecraft:bundle":1,"minecraft:slime_ball":10,"minecraft:diamond":14,"regions_unexplored:clover":19,"regions_unexplored:maple_log":29,"regions_unexplored:willow_log":144,"alexsmobs:maggot":2,"minecraft:oak_sapling":1,"minecraft:coal":261},"minecraft:crafted":{"minecraft:oak_door":3,"minecraft:oak_planks":216,"minecraft:stone_shovel":3,"minecraft:spyglass":1,"regions_unexplored:maple_planks":24,"minecraft:cooked_chicken":18,"minecraft:furnace":12,"minecraft:bone_meal":27,"minecraft:iron_boots":1,"minecraft:iron_axe":2,"minecraft:stone_pickaxe":12,"minecraft:chest":2,"regions_unexplored:willow_planks":4,"minecraft:stone_hoe":1,"minecraft:oak_fence":15,"sophisticatedbackpacks:iron_backpack":1,"minecraft:wheat":90,"minecraft:cooked_beef":12,"regions_unexplored:maple_fence":18,"minecraft:cooked_cod":6,"minecraft:cooked_porkchop":62,"minecraft:crafting_table":16,"minecraft:spruce_planks":32,"minecraft:wooden_pickaxe":2,"minecraft:iron_helmet":1,"minecraft:iron_sword":1,"minecraft:cooked_salmon":1,"minecraft:copper_ingot":2,"minecraft:bucket":2,"minecraft:stone_axe":3,"minecraft:air":0,"minecraft:bread":33,"minecraft:oak_fence_gate":1,"minecraft:oak_boat":1,"minecraft:white_wool":3,"minecraft:iron_chestplate":2,"minecraft:charcoal":31,"minecraft:shield":1,"minecraft:stick":88,"minecraft:iron_ingot":61,"minecraft:iron_pickaxe":2,"minecraft:stone_sword":2,"minecraft:iron_shovel":2,"minecraft:iron_leggings":1,"minecraft:white_bed":1,"minecraft:torch":188},"minecraft:mined":{"minecraft:large_amethyst_bud":1,"minecraft:tuff":27,"minecraft:white_bed":1,"regions_unexplored:blue_lupine":1,"regions_unexplored:willow_leaves":86,"minecraft:deepslate_diamond_ore":6,"regions_unexplored:maple_log":29,"regions_unexplored:pink_lupine":1,"minecraft:dark_oak_log":2,"regions_unexplored:dusktrap":2,"regions_unexplored:oak_branch":3,"minecraft:cave_vines_plant":1,"minecraft:grass_block":507,"minecraft:spruce_leaves":2,"regions_unexplored:purple_coneflower":21,"minecraft:moss_block":4,"minecraft:sandstone":49,"minecraft:large_fern":2,"regions_unexplored:small_oak_leaves":10,"minecraft:hay_block":10,"minecraft:iron_ore":96,"minecraft:cobbled_deepslate":5,"regions_unexplored:mossy_stone":10,"regions_unexplored:purple_lupine":1,"minecraft:andesite":37,"minecraft:deepslate_lapis_ore":20,"minecraft:potatoes":17,"minecraft:dirt_path":43,"minecraft:cave_vines":1,"minecraft:deepslate_iron_ore":50,"regions_unexplored:medium_grass":82,"minecraft:azalea":2,"regions_unexplored:small_oak_log":48,"minecraft:stone":810,"regions_unexplored:bladed_grass":3,"regions_unexplored:redstone_bulb":1,"minecraft:deepslate_redstone_ore":5,"regions_unexplored:willow_log":166,"regions_unexplored:yellow_lupine":1,"minecraft:amethyst_cluster":1,"minecraft:dandelion":1,"minecraft:clay":16,"minecraft:crafting_table":3,"minecraft:torch":10,"regions_unexplored:bladed_tall_grass":1,"minecraft:chest":2,"minecraft:copper_ore":2,"minecraft:tall_grass":10,"minecraft:cobblestone":2,"minecraft:lapis_ore":5,"minecraft:deepslate_gold_ore":33,"minecraft:sugar_cane":24,"minecraft:diorite":21,"minecraft:wall_torch":15,"minecraft:birch_log":81,"minecraft:wheat":9,"minecraft:sweet_berry_bush":1,"minecraft:spruce_log":6,"minecraft:birch_leaves":10,"regions_unexplored:mauve_leaves":1,"regions_unexplored:sandy_grass":3,"minecraft:grass":57,"regions_unexplored:oak_shrub":2,"regions_unexplored:cherry_shrub":1,"minecraft:oak_log":89,"minecraft:coal_ore":256,"minecraft:gravel":1,"minecraft:sand":22,"minecraft:dirt":85,"regions_unexplored:clover":7,"regions_unexplored:blue_magnolia_shrub":1,"minecraft:oak_leaves":11,"minecraft:deepslate":223,"minecraft:fern":21},"minecraft:custom":{"minecraft:mob_kills":209,"minecraft:interact_with_crafting_table":74,"minecraft:interact_with_campfire":4,"minecraft:damage_dealt_resisted":336,"minecraft:leave_game":14,"minecraft:time_since_death":19378,"minecraft:climb_one_cm":521,"minecraft:sprint_one_cm":706382,"minecraft:walk_one_cm":1369947,"minecraft:damage_blocked_by_shield":180,"minecraft:drop":2,"minecraft:talked_to_villager":1,"minecraft:play_time":434145,"minecraft:sneak_time":5258,"minecraft:deaths":2,"minecraft:walk_under_water_one_cm":12517,"minecraft:boat_one_cm":103500,"minecraft:jump":5782,"minecraft:walk_on_water_one_cm":26768,"minecraft:total_world_time":434145,"minecraft:interact_with_furnace":139,"tombstone:raider_killed":1,"minecraft:sleep_in_bed":15,"minecraft:time_since_rest":16979,"minecraft:damage_taken":5302,"minecraft:damage_dealt":29862,"minecraft:player_kills":1,"minecraft:swim_one_cm":60569,"minecraft:fly_one_cm":620428,"minecraft:open_chest":67,"minecraft:crouch_one_cm":18791,"tombstone:undead_killed":87,"minecraft:fish_caught":8,"minecraft:fall_one_cm":130240},"minecraft:broken":{"minecraft:iron_shovel":1,"minecraft:stone_sword":1,"minecraft:wooden_pickaxe":2,"minecraft:stone_pickaxe":9,"minecraft:iron_axe":1,"minecraft:stone_axe":3,"minecraft:stone_shovel":2},"minecraft:dropped":{"minecraft:cobblestone":1,"minecraft:music_disc_cat":1}},"DataVersion":3465}