{"stats":{"minecraft:dropped":{"minecraft:wheat_seeds":9,"minecraft:cooked_beef":4,"minecraft:poisonous_potato":2,"minecraft:cobblestone":2,"minecraft:rooted_dirt":1,"minecraft:granite":21,"regions_unexplored:blue_bioshroom":1,"minecraft:diorite":30,"regions_unexplored:pink_magnolia_sapling":1,"regions_unexplored:purple_lupine":9,"tombstone:grave_dust":3,"regions_unexplored:pointed_redstone":4,"minecraft:bucket":1,"minecraft:fishing_rod":2,"minecraft:white_wool":2,"minecraft:redstone":68,"minecraft:gravel":4,"regions_unexplored:magnolia_fence":2,"minecraft:stone_axe":1,"regions_unexplored:raw_redstone_block":1,"regions_unexplored:pink_magnolia_shrub":1,"minecraft:stone_sword":1,"minecraft:tuff":25,"minecraft:birch_sapling":1,"minecraft:rotten_flesh":26,"regions_unexplored:clover":209,"minecraft:cooked_mutton":2,"regions_unexplored:pink_lupine":6,"minecraft:bundle":1,"minecraft:andesite":33,"minecraft:spider_eye":8,"regions_unexplored:blue_lupine":6},"minecraft:mined":{"minecraft:large_amethyst_bud":1,"minecraft:diamond_ore":3,"minecraft:tuff":73,"regions_unexplored:blue_lupine":11,"minecraft:deepslate_diamond_ore":9,"regions_unexplored:pink_lupine":12,"regions_unexplored:dropleaf_plant":1,"regions_unexplored:magnolia_log":42,"regions_unexplored:pink_magnolia_shrub":1,"regions_unexplored:dropleaf":1,"minecraft:budding_amethyst":4,"minecraft:granite":81,"minecraft:grass_block":223,"regions_unexplored:duskmelon":14,"regions_unexplored:raw_redstone_block":26,"minecraft:rooted_dirt":1,"regions_unexplored:blue_bioshroom":1,"minecraft:spawner":1,"minecraft:redstone_ore":96,"regions_unexplored:pointed_redstone":1,"minecraft:furnace":1,"minecraft:iron_ore":102,"minecraft:cobbled_deepslate":15,"minecraft:fire":3,"minecraft:andesite":55,"regions_unexplored:purple_lupine":15,"regions_unexplored:white_magnolia_shrub":1,"minecraft:pumpkin":12,"minecraft:deepslate_lapis_ore":14,"minecraft:potatoes":96,"minecraft:dirt_path":1,"minecraft:deepslate_iron_ore":28,"minecraft:rail":12,"regions_unexplored:medium_grass":110,"minecraft:stone":674,"regions_unexplored:bladed_grass":1,"minecraft:deepslate_redstone_ore":78,"regions_unexplored:red_lupine":2,"regions_unexplored:yellow_lupine":2,"minecraft:medium_amethyst_bud":1,"regions_unexplored:magnolia_fence":25,"minecraft:oak_fence":2,"minecraft:crafting_table":5,"minecraft:torch":10,"regions_unexplored:bladed_tall_grass":1,"minecraft:calcite":7,"minecraft:chest":2,"minecraft:copper_ore":2,"minecraft:tall_grass":8,"minecraft:cobblestone":27,"minecraft:deepslate_gold_ore":38,"minecraft:lapis_ore":7,"minecraft:oak_planks":2,"minecraft:diorite":120,"minecraft:wall_torch":11,"minecraft:amethyst_block":24,"minecraft:deepslate_copper_ore":1,"regions_unexplored:redstone_bud":15,"minecraft:birch_log":28,"minecraft:wheat":28,"regions_unexplored:magnolia_door":3,"minecraft:birch_leaves":24,"minecraft:grass":119,"minecraft:coal_ore":113,"regions_unexplored:stripped_magnolia_log":1,"minecraft:gravel":22,"minecraft:dirt":171,"minecraft:cobweb":142,"regions_unexplored:clover":225,"regions_unexplored:blackwood_shrub":1,"minecraft:smooth_basalt":9,"minecraft:red_mushroom_block":3,"minecraft:gold_ore":6,"regions_unexplored:magnolia_planks":2,"minecraft:deepslate":745,"minecraft:fern":3},"minecraft:custom":{"minecraft:mob_kills":77,"minecraft:animals_bred":2,"minecraft:interact_with_crafting_table":100,"goblintraders:trade_with_goblin":36,"minecraft:leave_game":8,"minecraft:time_since_death":422915,"minecraft:sprint_one_cm":287707,"minecraft:walk_one_cm":1997021,"minecraft:damage_blocked_by_shield":2516,"minecraft:drop":52,"minecraft:play_time":422915,"minecraft:sneak_time":2287,"minecraft:walk_under_water_one_cm":10709,"minecraft:boat_one_cm":22680,"minecraft:jump":2917,"minecraft:interact_with_blast_furnace":15,"minecraft:walk_on_water_one_cm":26647,"minecraft:total_world_time":422915,"minecraft:interact_with_furnace":67,"minecraft:sleep_in_bed":9,"minecraft:time_since_rest":11995,"minecraft:damage_taken":3224,"minecraft:damage_dealt":12889,"minecraft:player_kills":1,"minecraft:swim_one_cm":19489,"minecraft:fly_one_cm":49039,"minecraft:open_chest":36,"minecraft:crouch_one_cm":9244,"tombstone:undead_killed":41,"minecraft:interact_with_smoker":2,"minecraft:fish_caught":6,"minecraft:fall_one_cm":27019},"minecraft:broken":{"minecraft:flint_and_steel":1,"minecraft:stone_hoe":2,"minecraft:stone_pickaxe":4,"minecraft:iron_sword":1,"minecraft:iron_pickaxe":2,"minecraft:iron_helmet":1,"minecraft:stone_shovel":1},"minecraft:crafted":{"minecraft:wooden_sword":1,"minecraft:smooth_stone":10,"minecraft:stone_shovel":2,"minecraft:fishing_rod":2,"minecraft:experience_bottle":2,"minecraft:cooked_chicken":4,"minecraft:furnace":3,"minecraft:blast_furnace":3,"minecraft:stone":10,"minecraft:bone_meal":93,"minecraft:cooked_mutton":5,"minecraft:flint_and_steel":1,"minecraft:bow":1,"minecraft:iron_boots":1,"minecraft:stone_pickaxe":5,"minecraft:chest":3,"minecraft:diamond_boots":1,"minecraft:stone_hoe":3,"regions_unexplored:magnolia_planks":168,"minecraft:cooked_beef":13,"regions_unexplored:magnolia_fence_gate":1,"minecraft:wooden_shovel":1,"minecraft:diamond_sword":1,"minecraft:emerald":8,"minecraft:crafting_table":9,"minecraft:baked_potato":96,"minecraft:wooden_pickaxe":1,"regions_unexplored:magnolia_door":6,"minecraft:iron_helmet":1,"minecraft:iron_sword":2,"minecraft:copper_ingot":38,"minecraft:bucket":2,"minecraft:birch_planks":24,"minecraft:stone_axe":2,"minecraft:iron_chestplate":1,"minecraft:shield":1,"minecraft:stick":120,"minecraft:iron_ingot":163,"minecraft:iron_pickaxe":2,"minecraft:wooden_axe":1,"minecraft:stone_sword":1,"minecraft:iron_leggings":1,"minecraft:gold_ingot":21,"regions_unexplored:magnolia_fence":21,"minecraft:white_bed":1,"minecraft:torch":188,"minecraft:shears":1,"minecraft:diamond_chestplate":1},"minecraft:picked_up":{"regions_unexplored:pointed_redstone":6,"minecraft:fishing_rod":1,"minecraft:crafting_table":5,"minecraft:wheat":2,"minecraft:chicken":4,"regions_unexplored:magnolia_log":73,"regions_unexplored:blue_bioshroom":1,"minecraft:amethyst_block":24,"minecraft:string":94,"minecraft:raw_copper":19,"regions_unexplored:magnolia_door":3,"minecraft:birch_fence":1,"regions_unexplored:duskmelon_slice":14,"minecraft:cobbled_deepslate":629,"minecraft:bucket":1,"minecraft:music_disc_otherside":1,"minecraft:beef":18,"minecraft:calcite":7,"minecraft:chest":2,"minecraft:birch_sapling":1,"minecraft:furnace":2,"minecraft:raw_iron":177,"minecraft:oak_fence":4,"minecraft:torch":24,"regions_unexplored:blue_lupine":7,"regions_unexplored:pink_magnolia_shrub":1,"regions_unexplored:raw_redstone_block":20,"tombstone:grave_dust":3,"minecraft:diorite":115,"minecraft:redstone":624,"regions_unexplored:pink_magnolia_sapling":1,"minecraft:arrow":21,"minecraft:rotten_flesh":36,"regions_unexplored:purple_lupine":9,"minecraft:mutton":5,"minecraft:cod":2,"minecraft:rail":11,"minecraft:white_wool":4,"minecraft:cobblestone":820,"minecraft:birch_log":30,"minecraft:feather":6,"minecraft:andesite":54,"minecraft:salmon":3,"minecraft:leather":8,"minecraft:potato":303,"minecraft:flint":2,"minecraft:tuff":59,"minecraft:gunpowder":3,"tombstone:voodoo_poppet":1,"minecraft:lapis_lazuli":200,"minecraft:dirt":417,"minecraft:glass":3,"minecraft:bone":28,"minecraft:wheat_seeds":74,"regions_unexplored:magnolia_planks":2,"minecraft:raw_gold":67,"minecraft:iron_ingot":5,"minecraft:cobweb":57,"regions_unexplored:blackwood_shrub":1,"minecraft:smooth_basalt":9,"minecraft:pumpkin":12,"minecraft:poisonous_potato":4,"minecraft:gravel":7,"minecraft:amethyst_shard":4,"regions_unexplored:pink_lupine":7,"minecraft:spider_eye":10,"minecraft:mossy_cobblestone":1,"minecraft:bundle":1,"minecraft:pumpkin_seeds":1,"minecraft:diamond":20,"minecraft:stone_axe":1,"regions_unexplored:clover":306,"minecraft:granite":131,"regions_unexplored:magnolia_fence":27,"minecraft:bread":2,"minecraft:rooted_dirt":2,"minecraft:coal":170},"minecraft:killed":{"minecraft:cave_spider":10,"alexsmobs:raccoon":1,"minecraft:spider":9,"minecraft:skeleton":21,"minecraft:chicken":4,"minecraft:drowned":1,"minecraft:sheep":4,"minecraft:zombie":19,"alexsmobs:cockroach":1,"minecraft:cow":5},"minecraft:used":{"minecraft:stone_sword":54,"minecraft:flint_and_steel":64,"minecraft:stone_shovel":240,"minecraft:chest":5,"minecraft:shield":70,"minecraft:iron_sword":439,"minecraft:cooked_chicken":4,"minecraft:wooden_shovel":58,"minecraft:stone_hoe":300,"minecraft:torch":226,"minecraft:dirt":375,"minecraft:tuff":21,"minecraft:granite":1,"regions_unexplored:magnolia_fence":44,"minecraft:glass":3,"minecraft:wooden_axe":21,"regions_unexplored:magnolia_door":6,"minecraft:lava_bucket":7,"minecraft:rooted_dirt":1,"regions_unexplored:duskmelon_slice":4,"regions_unexplored:magnolia_fence_gate":1,"minecraft:furnace":4,"minecraft:cooked_beef":9,"minecraft:cobbled_deepslate":185,"minecraft:potato":301,"minecraft:wheat_seeds":63,"minecraft:cooked_mutton":3,"minecraft:diorite":1,"minecraft:water_bucket":6,"minecraft:baked_potato":37,"minecraft:stone_pickaxe":504,"minecraft:wooden_pickaxe":53,"regions_unexplored:pointed_redstone":2,"minecraft:glow_berries":12,"regions_unexplored:raw_redstone_block":1,"minecraft:crafting_table":14,"minecraft:blast_furnace":3,"minecraft:white_bed":1,"regions_unexplored:magnolia_planks":11,"minecraft:shears":57,"minecraft:bread":2,"minecraft:iron_pickaxe":1955,"minecraft:stone_axe":127,"minecraft:fishing_rod":8,"minecraft:diamond_sword":196,"minecraft:wooden_sword":173,"minecraft:cobblestone":404,"minecraft:bucket":13,"minecraft:bone_meal":93,"minecraft:experience_bottle":2}},"DataVersion":3465}