{"stats":{"minecraft:dropped":{"minecraft:wheat_seeds":9,"minecraft:rooted_dirt":1,"minecraft:granite":21,"regions_unexplored:blue_bioshroom":1,"minecraft:diorite":29,"regions_unexplored:pink_magnolia_sapling":1,"regions_unexplored:purple_lupine":9,"minecraft:gravel":4,"minecraft:stone_axe":1,"regions_unexplored:raw_redstone_block":1,"regions_unexplored:pink_magnolia_shrub":1,"minecraft:stone_sword":1,"minecraft:tuff":25,"minecraft:birch_sapling":1,"regions_unexplored:clover":183,"minecraft:cooked_mutton":2,"regions_unexplored:pink_lupine":5,"minecraft:bundle":1,"minecraft:andesite":33,"regions_unexplored:blue_lupine":5},"minecraft:mined":{"minecraft:tuff":62,"regions_unexplored:blue_lupine":5,"regions_unexplored:pink_lupine":6,"regions_unexplored:magnolia_log":41,"regions_unexplored:pink_magnolia_shrub":1,"minecraft:granite":22,"minecraft:grass_block":128,"regions_unexplored:raw_redstone_block":1,"regions_unexplored:blue_bioshroom":1,"minecraft:rooted_dirt":1,"minecraft:furnace":1,"minecraft:iron_ore":34,"minecraft:fire":2,"regions_unexplored:purple_lupine":11,"minecraft:andesite":33,"minecraft:pumpkin":12,"regions_unexplored:white_magnolia_shrub":1,"minecraft:deepslate_lapis_ore":4,"minecraft:deepslate_iron_ore":2,"minecraft:dirt_path":1,"regions_unexplored:medium_grass":56,"minecraft:stone":351,"minecraft:deepslate_redstone_ore":2,"minecraft:crafting_table":2,"minecraft:tall_grass":8,"minecraft:cobblestone":10,"minecraft:lapis_ore":7,"minecraft:diorite":46,"minecraft:wall_torch":4,"minecraft:birch_log":20,"regions_unexplored:magnolia_door":1,"minecraft:birch_leaves":20,"minecraft:grass":29,"minecraft:coal_ore":45,"minecraft:gravel":7,"minecraft:dirt":118,"regions_unexplored:clover":93,"regions_unexplored:blackwood_shrub":1,"minecraft:cobweb":26,"minecraft:red_mushroom_block":3,"minecraft:deepslate":202,"minecraft:fern":3},"minecraft:custom":{"minecraft:mob_kills":18,"minecraft:interact_with_crafting_table":38,"minecraft:leave_game":4,"minecraft:time_since_death":147454,"minecraft:sprint_one_cm":187416,"minecraft:walk_one_cm":487283,"minecraft:damage_blocked_by_shield":186,"minecraft:drop":22,"minecraft:play_time":147454,"minecraft:sneak_time":432,"minecraft:walk_under_water_one_cm":3562,"minecraft:jump":1249,"minecraft:walk_on_water_one_cm":7852,"minecraft:total_world_time":147454,"minecraft:interact_with_furnace":31,"minecraft:sleep_in_bed":1,"minecraft:time_since_rest":91279,"minecraft:damage_taken":442,"minecraft:damage_dealt":2736,"minecraft:swim_one_cm":695,"minecraft:fly_one_cm":30516,"minecraft:open_chest":6,"minecraft:crouch_one_cm":2573,"tombstone:undead_killed":2,"minecraft:fall_one_cm":9801},"minecraft:broken":{"minecraft:stone_pickaxe":3,"minecraft:iron_pickaxe":1,"minecraft:stone_shovel":1},"minecraft:killed":{"alexsmobs:raccoon":1,"minecraft:spider":1,"minecraft:skeleton":1,"minecraft:chicken":4,"minecraft:sheep":4,"minecraft:zombie":1,"alexsmobs:cockroach":1,"minecraft:cow":5},"minecraft:crafted":{"minecraft:wooden_sword":1,"minecraft:stone_shovel":1,"minecraft:cooked_chicken":4,"minecraft:cooked_mutton":5,"minecraft:flint_and_steel":1,"minecraft:iron_boots":1,"minecraft:stone_pickaxe":3,"minecraft:chest":1,"regions_unexplored:magnolia_planks":116,"minecraft:cooked_beef":9,"minecraft:wooden_shovel":1,"minecraft:crafting_table":4,"minecraft:wooden_pickaxe":1,"regions_unexplored:magnolia_door":3,"minecraft:iron_helmet":1,"minecraft:iron_sword":1,"minecraft:bucket":2,"minecraft:birch_planks":24,"minecraft:stone_axe":1,"minecraft:iron_chestplate":1,"minecraft:shield":1,"minecraft:stick":48,"minecraft:iron_ingot":36,"minecraft:iron_pickaxe":2,"minecraft:wooden_axe":1,"minecraft:stone_sword":1,"minecraft:iron_leggings":1,"regions_unexplored:magnolia_fence":21,"minecraft:white_bed":1,"minecraft:torch":28},"minecraft:picked_up":{"minecraft:crafting_table":2,"minecraft:chicken":4,"regions_unexplored:magnolia_log":72,"regions_unexplored:blue_bioshroom":1,"minecraft:string":25,"regions_unexplored:magnolia_door":1,"minecraft:cobbled_deepslate":133,"minecraft:beef":9,"minecraft:birch_sapling":1,"minecraft:furnace":2,"minecraft:raw_iron":38,"minecraft:torch":4,"regions_unexplored:blue_lupine":5,"regions_unexplored:pink_magnolia_shrub":1,"minecraft:redstone":11,"regions_unexplored:raw_redstone_block":1,"minecraft:diorite":54,"regions_unexplored:pink_magnolia_sapling":1,"minecraft:rotten_flesh":1,"regions_unexplored:purple_lupine":9,"minecraft:mutton":5,"minecraft:white_wool":4,"minecraft:cobblestone":371,"minecraft:birch_log":20,"minecraft:feather":6,"minecraft:andesite":33,"minecraft:leather":8,"minecraft:flint":2,"minecraft:tuff":49,"minecraft:lapis_lazuli":74,"minecraft:dirt":236,"minecraft:bone":1,"minecraft:wheat_seeds":19,"minecraft:iron_ingot":5,"regions_unexplored:blackwood_shrub":1,"minecraft:pumpkin":12,"minecraft:gravel":4,"regions_unexplored:pink_lupine":6,"minecraft:spider_eye":1,"minecraft:bundle":1,"minecraft:stone_axe":1,"regions_unexplored:clover":187,"minecraft:granite":29,"minecraft:rooted_dirt":2,"minecraft:coal":69},"minecraft:used":{"minecraft:stone_sword":54,"minecraft:flint_and_steel":3,"minecraft:stone_shovel":131,"minecraft:chest":1,"minecraft:shield":8,"minecraft:iron_sword":108,"minecraft:wooden_shovel":58,"minecraft:cooked_chicken":4,"minecraft:torch":47,"minecraft:dirt":101,"minecraft:tuff":19,"regions_unexplored:magnolia_fence":21,"minecraft:wooden_axe":21,"regions_unexplored:magnolia_door":3,"minecraft:rooted_dirt":1,"minecraft:furnace":2,"minecraft:cooked_beef":2,"minecraft:cooked_mutton":3,"minecraft:diorite":1,"minecraft:stone_pickaxe":393,"minecraft:wooden_pickaxe":53,"minecraft:glow_berries":12,"minecraft:crafting_table":6,"minecraft:white_bed":1,"minecraft:iron_pickaxe":428,"minecraft:stone_axe":80,"minecraft:wooden_sword":173,"minecraft:cobblestone":179}},"DataVersion":3465}