{"stats":{"minecraft:killed":{"alexsmobs:raccoon":1,"minecraft:spider":4,"minecraft:skeleton":13,"minecraft:chicken":4,"minecraft:drowned":1,"minecraft:sheep":4,"minecraft:zombie":13,"alexsmobs:cockroach":1,"minecraft:cow":5},"minecraft:used":{"minecraft:stone_sword":54,"minecraft:flint_and_steel":64,"minecraft:stone_shovel":142,"minecraft:chest":2,"minecraft:shield":43,"minecraft:iron_sword":324,"minecraft:wooden_shovel":58,"minecraft:cooked_chicken":4,"minecraft:stone_hoe":131,"minecraft:torch":115,"minecraft:dirt":151,"minecraft:tuff":21,"minecraft:granite":1,"regions_unexplored:magnolia_fence":44,"minecraft:glass":3,"minecraft:wooden_axe":21,"regions_unexplored:magnolia_door":5,"minecraft:rooted_dirt":1,"regions_unexplored:magnolia_fence_gate":1,"minecraft:furnace":4,"minecraft:cooked_beef":9,"minecraft:potato":136,"minecraft:cobbled_deepslate":5,"minecraft:wheat_seeds":63,"minecraft:cooked_mutton":3,"minecraft:water_bucket":4,"minecraft:diorite":1,"minecraft:baked_potato":6,"minecraft:stone_pickaxe":504,"minecraft:wooden_pickaxe":53,"minecraft:glow_berries":12,"regions_unexplored:raw_redstone_block":1,"minecraft:crafting_table":11,"minecraft:blast_furnace":3,"minecraft:white_bed":1,"minecraft:iron_pickaxe":1503,"minecraft:stone_axe":120,"minecraft:fishing_rod":8,"minecraft:wooden_sword":173,"minecraft:cobblestone":404,"minecraft:bucket":4,"minecraft:bone_meal":39,"minecraft:experience_bottle":2},"minecraft:picked_up":{"regions_unexplored:pointed_redstone":4,"minecraft:fishing_rod":1,"minecraft:crafting_table":5,"minecraft:wheat":2,"minecraft:chicken":4,"regions_unexplored:magnolia_log":73,"regions_unexplored:blue_bioshroom":1,"minecraft:amethyst_block":24,"minecraft:string":28,"minecraft:raw_copper":19,"regions_unexplored:magnolia_door":3,"minecraft:cobbled_deepslate":369,"minecraft:beef":9,"minecraft:calcite":7,"minecraft:birch_sapling":1,"minecraft:chest":1,"minecraft:furnace":2,"minecraft:raw_iron":165,"minecraft:oak_fence":2,"minecraft:torch":16,"regions_unexplored:blue_lupine":5,"regions_unexplored:pink_magnolia_shrub":1,"minecraft:redstone":523,"minecraft:diorite":115,"tombstone:grave_dust":3,"regions_unexplored:raw_redstone_block":20,"regions_unexplored:pink_magnolia_sapling":1,"minecraft:rotten_flesh":19,"minecraft:arrow":14,"regions_unexplored:purple_lupine":9,"minecraft:mutton":5,"minecraft:cod":2,"minecraft:white_wool":4,"minecraft:cobblestone":802,"minecraft:birch_log":30,"minecraft:feather":6,"minecraft:andesite":54,"minecraft:salmon":3,"minecraft:leather":8,"minecraft:potato":165,"minecraft:flint":2,"minecraft:tuff":56,"minecraft:lapis_lazuli":105,"minecraft:dirt":325,"minecraft:glass":3,"minecraft:bone":10,"minecraft:wheat_seeds":72,"minecraft:raw_gold":25,"minecraft:iron_ingot":5,"regions_unexplored:blackwood_shrub":1,"minecraft:smooth_basalt":9,"minecraft:pumpkin":12,"minecraft:poisonous_potato":2,"minecraft:gravel":7,"minecraft:amethyst_shard":4,"regions_unexplored:pink_lupine":7,"minecraft:spider_eye":3,"minecraft:bundle":1,"minecraft:diamond":13,"minecraft:stone_axe":1,"regions_unexplored:clover":269,"minecraft:granite":131,"regions_unexplored:magnolia_fence":27,"minecraft:rooted_dirt":2,"minecraft:coal":170},"minecraft:crafted":{"minecraft:wooden_sword":1,"minecraft:smooth_stone":10,"minecraft:stone_shovel":2,"minecraft:fishing_rod":2,"minecraft:experience_bottle":2,"minecraft:cooked_chicken":4,"minecraft:furnace":3,"minecraft:blast_furnace":3,"minecraft:stone":10,"minecraft:bone_meal":39,"minecraft:cooked_mutton":5,"minecraft:flint_and_steel":1,"minecraft:iron_boots":1,"minecraft:stone_pickaxe":5,"minecraft:chest":1,"minecraft:diamond_boots":1,"minecraft:stone_hoe":1,"regions_unexplored:magnolia_planks":168,"minecraft:cooked_beef":13,"regions_unexplored:magnolia_fence_gate":1,"minecraft:wooden_shovel":1,"minecraft:emerald":8,"minecraft:crafting_table":6,"minecraft:baked_potato":32,"minecraft:wooden_pickaxe":1,"regions_unexplored:magnolia_door":3,"minecraft:iron_helmet":1,"minecraft:iron_sword":2,"minecraft:copper_ingot":38,"minecraft:bucket":2,"minecraft:birch_planks":24,"minecraft:stone_axe":1,"minecraft:iron_chestplate":1,"minecraft:shield":1,"minecraft:stick":84,"minecraft:iron_ingot":163,"minecraft:iron_pickaxe":2,"minecraft:wooden_axe":1,"minecraft:stone_sword":1,"minecraft:gold_ingot":21,"minecraft:iron_leggings":1,"regions_unexplored:magnolia_fence":21,"minecraft:white_bed":1,"minecraft:torch":108,"minecraft:diamond_chestplate":1},"minecraft:mined":{"minecraft:large_amethyst_bud":1,"minecraft:diamond_ore":3,"minecraft:tuff":69,"regions_unexplored:blue_lupine":10,"minecraft:deepslate_diamond_ore":5,"regions_unexplored:pink_lupine":12,"regions_unexplored:magnolia_log":42,"minecraft:budding_amethyst":4,"regions_unexplored:pink_magnolia_shrub":1,"minecraft:granite":81,"minecraft:grass_block":160,"regions_unexplored:raw_redstone_block":21,"regions_unexplored:blue_bioshroom":1,"minecraft:rooted_dirt":1,"minecraft:redstone_ore":96,"regions_unexplored:pointed_redstone":1,"minecraft:furnace":1,"minecraft:iron_ore":102,"minecraft:cobbled_deepslate":1,"minecraft:fire":2,"regions_unexplored:purple_lupine":15,"minecraft:andesite":55,"minecraft:pumpkin":12,"regions_unexplored:white_magnolia_shrub":1,"minecraft:deepslate_lapis_ore":6,"minecraft:potatoes":48,"minecraft:deepslate_iron_ore":22,"minecraft:dirt_path":1,"regions_unexplored:medium_grass":106,"minecraft:stone":658,"minecraft:deepslate_redstone_ore":21,"regions_unexplored:red_lupine":2,"minecraft:medium_amethyst_bud":1,"regions_unexplored:yellow_lupine":2,"regions_unexplored:magnolia_fence":25,"minecraft:crafting_table":5,"minecraft:torch":5,"minecraft:calcite":7,"minecraft:chest":1,"minecraft:copper_ore":2,"minecraft:tall_grass":8,"minecraft:cobblestone":27,"minecraft:deepslate_gold_ore":13,"minecraft:lapis_ore":7,"minecraft:diorite":120,"minecraft:wall_torch":9,"minecraft:amethyst_block":24,"minecraft:deepslate_copper_ore":1,"regions_unexplored:redstone_bud":11,"minecraft:birch_log":28,"minecraft:wheat":28,"regions_unexplored:magnolia_door":3,"minecraft:birch_leaves":24,"minecraft:grass":112,"minecraft:coal_ore":113,"regions_unexplored:stripped_magnolia_log":1,"minecraft:gravel":22,"minecraft:dirt":142,"regions_unexplored:clover":216,"regions_unexplored:blackwood_shrub":1,"minecraft:cobweb":26,"minecraft:smooth_basalt":9,"minecraft:red_mushroom_block":3,"minecraft:gold_ore":6,"minecraft:deepslate":451,"minecraft:fern":3},"minecraft:custom":{"minecraft:mob_kills":47,"minecraft:animals_bred":2,"goblintraders:trade_with_goblin":36,"minecraft:interact_with_crafting_table":73,"minecraft:leave_game":7,"minecraft:time_since_death":324967,"minecraft:sprint_one_cm":262957,"minecraft:walk_one_cm":1324343,"minecraft:damage_blocked_by_shield":1236,"minecraft:drop":42,"minecraft:play_time":324967,"minecraft:sneak_time":1229,"minecraft:walk_under_water_one_cm":10709,"minecraft:boat_one_cm":22680,"minecraft:jump":2264,"minecraft:interact_with_blast_furnace":15,"minecraft:walk_on_water_one_cm":22607,"minecraft:total_world_time":324967,"minecraft:interact_with_furnace":67,"minecraft:sleep_in_bed":8,"minecraft:time_since_rest":96234,"minecraft:damage_taken":1299,"minecraft:damage_dealt":7523,"minecraft:player_kills":1,"minecraft:swim_one_cm":19489,"minecraft:fly_one_cm":41208,"minecraft:open_chest":24,"minecraft:crouch_one_cm":6203,"tombstone:undead_killed":27,"minecraft:fish_caught":6,"minecraft:fall_one_cm":22731},"minecraft:broken":{"minecraft:flint_and_steel":1,"minecraft:stone_hoe":1,"minecraft:stone_pickaxe":4,"minecraft:iron_sword":1,"minecraft:iron_pickaxe":2,"minecraft:stone_shovel":1},"minecraft:dropped":{"minecraft:wheat_seeds":9,"minecraft:cooked_beef":4,"minecraft:poisonous_potato":2,"minecraft:cobblestone":2,"minecraft:rooted_dirt":1,"minecraft:granite":21,"regions_unexplored:blue_bioshroom":1,"minecraft:diorite":30,"regions_unexplored:pink_magnolia_sapling":1,"regions_unexplored:purple_lupine":9,"tombstone:grave_dust":3,"minecraft:fishing_rod":2,"minecraft:white_wool":2,"minecraft:redstone":67,"minecraft:gravel":4,"regions_unexplored:magnolia_fence":2,"minecraft:stone_axe":1,"regions_unexplored:raw_redstone_block":1,"regions_unexplored:pink_magnolia_shrub":1,"minecraft:stone_sword":1,"minecraft:tuff":25,"minecraft:birch_sapling":1,"minecraft:rotten_flesh":11,"regions_unexplored:clover":209,"minecraft:cooked_mutton":2,"regions_unexplored:pink_lupine":6,"minecraft:bundle":1,"minecraft:andesite":33,"minecraft:spider_eye":3,"regions_unexplored:blue_lupine":5}},"DataVersion":3465}