{"stats":{"minecraft:custom":{"minecraft:interact_with_furnace":9,"minecraft:mob_kills":10,"minecraft:interact_with_crafting_table":19,"minecraft:bell_ring":5,"minecraft:leave_game":3,"minecraft:time_since_death":1987,"minecraft:sleep_in_bed":1,"minecraft:time_since_rest":1,"minecraft:sprint_one_cm":156136,"minecraft:damage_taken":1686,"minecraft:walk_one_cm":343501,"minecraft:drop":1,"minecraft:damage_dealt":1782,"minecraft:swim_one_cm":23888,"minecraft:fly_one_cm":249895,"minecraft:open_chest":7,"minecraft:crouch_one_cm":346,"minecraft:play_time":87256,"tombstone:undead_killed":6,"minecraft:deaths":6,"minecraft:sneak_time":288,"minecraft:walk_under_water_one_cm":9391,"minecraft:boat_one_cm":31590,"minecraft:jump":1672,"minecraft:walk_on_water_one_cm":7586,"minecraft:total_world_time":87256,"minecraft:fall_one_cm":28116},"minecraft:dropped":{"tombstone:grave_key":1},"minecraft:killed_by":{"alexsmobs:crocodile":1,"minecraft:skeleton":1,"minecraft:creeper":2,"alexsmobs:grizzly_bear":1},"minecraft:broken":{"minecraft:stone_pickaxe":1,"minecraft:stone_shovel":3},"minecraft:crafted":{"minecraft:oak_door":3,"minecraft:oak_planks":148,"minecraft:stone_shovel":4,"minecraft:crafting_table":7,"minecraft:spruce_planks":40,"minecraft:wooden_pickaxe":1,"minecraft:iron_sword":2,"minecraft:furnace":2,"minecraft:birch_planks":28,"minecraft:air":0,"minecraft:iron_chestplate":1,"minecraft:stick":24,"minecraft:iron_ingot":10,"minecraft:stone_pickaxe":3,"minecraft:wooden_axe":1,"minecraft:stone_sword":1,"minecraft:chest":2,"minecraft:spruce_boat":2,"minecraft:torch":24,"minecraft:stone_hoe":1},"minecraft:picked_up":{"minecraft:birch_log":18,"regions_unexplored:peat_dirt":20,"minecraft:charcoal":2,"minecraft:crafting_table":2,"minecraft:potato":5,"minecraft:oak_log":37,"tombstone:grave_key":1,"minecraft:dirt":411,"minecraft:apple":2,"minecraft:wheat_seeds":10,"regions_unexplored:pink_bioshroom":1,"regions_unexplored:blackwood_log":2,"minecraft:birch_sapling":2,"minecraft:stick":9,"minecraft:raw_iron":18,"minecraft:pumpkin":9,"minecraft:oak_door":4,"minecraft:torch":6,"minecraft:sand":2,"minecraft:ink_sac":1,"minecraft:diorite":11,"minecraft:purple_bed":4,"minecraft:rotten_flesh":8,"regions_unexplored:willow_shrub":1,"minecraft:oak_sapling":11,"minecraft:coal":118,"minecraft:cobblestone":193},"minecraft:mined":{"regions_unexplored:willow_shrub":1,"minecraft:dark_oak_leaves":3,"minecraft:oak_door":2,"regions_unexplored:pink_bioshroom":1,"minecraft:crafting_table":2,"minecraft:grass_block":365,"minecraft:campfire":1,"regions_unexplored:blackwood_log":2,"minecraft:diorite":2,"minecraft:wall_torch":1,"minecraft:purple_bed":4,"minecraft:birch_log":18,"minecraft:iron_ore":18,"minecraft:birch_leaves":3,"minecraft:pumpkin":9,"minecraft:grass":70,"minecraft:coal_ore":117,"minecraft:oak_log":37,"minecraft:sand":2,"minecraft:dirt":63,"regions_unexplored:medium_grass":7,"minecraft:stone":191,"minecraft:oak_leaves":16},"minecraft:killed":{"minecraft:creeper":1,"minecraft:squid":1,"minecraft:zombie":6,"alexsmobs:terrapin":1,"alexsmobs:crow":1},"minecraft:used":{"minecraft:wheat_seeds":10,"minecraft:diorite":9,"minecraft:stone_sword":24,"minecraft:stone_shovel":414,"minecraft:stone_pickaxe":304,"minecraft:chest":2,"minecraft:wooden_pickaxe":35,"minecraft:iron_sword":22,"minecraft:stone_hoe":69,"minecraft:rotten_flesh":4,"minecraft:oak_door":5,"minecraft:torch":21,"minecraft:dirt":86,"minecraft:crafting_table":7,"regions_unexplored:pink_bioshroom":1,"minecraft:spruce_boat":2,"minecraft:wooden_axe":56,"minecraft:apple":2,"minecraft:bread":3,"minecraft:cobblestone":4,"minecraft:purple_bed":2,"minecraft:furnace":2,"tombstone:gift":2,"minecraft:potato":8}},"DataVersion":3465}