{"stats":{"minecraft:killed":{"minecraft:spider":1,"minecraft:slime":11,"minecraft:skeleton":9,"minecraft:drowned":2,"minecraft:creeper":1,"minecraft:squid":1,"minecraft:pillager":3,"minecraft:zombie":18,"alexsmobs:terrapin":1,"alexsmobs:crow":1},"minecraft:used":{"minecraft:oak_fence":117,"minecraft:stone_sword":24,"minecraft:iron_shovel":382,"minecraft:stone_shovel":525,"minecraft:chest":2,"minecraft:shield":28,"minecraft:iron_sword":161,"minecraft:stone_hoe":69,"minecraft:rotten_flesh":12,"minecraft:oak_door":5,"minecraft:torch":119,"minecraft:dirt":274,"minecraft:tuff":25,"minecraft:oak_fence_gate":5,"minecraft:spruce_boat":2,"minecraft:wooden_axe":56,"minecraft:iron_axe":34,"minecraft:furnace":3,"tombstone:gift":6,"minecraft:potato":38,"minecraft:cobbled_deepslate":18,"minecraft:cobbled_deepslate_wall":25,"minecraft:wheat_seeds":32,"minecraft:water_bucket":31,"minecraft:diorite":9,"minecraft:stone_pickaxe":354,"minecraft:baked_potato":5,"minecraft:oak_planks":9,"minecraft:wooden_pickaxe":35,"minecraft:sand":1,"minecraft:crafting_table":12,"minecraft:crossbow":2,"minecraft:white_bed":1,"regions_unexplored:pink_bioshroom":1,"minecraft:wooden_hoe":107,"minecraft:apple":2,"minecraft:bread":4,"minecraft:iron_pickaxe":305,"minecraft:stone_axe":41,"minecraft:cobblestone":9,"minecraft:cobbled_deepslate_slab":28,"minecraft:purple_bed":2,"minecraft:white_banner":1,"minecraft:bucket":31,"minecraft:bone_meal":21},"minecraft:picked_up":{"minecraft:charcoal":2,"minecraft:crafting_table":3,"minecraft:wheat":9,"minecraft:lead":1,"tombstone:grave_key":1,"minecraft:string":2,"minecraft:cobbled_deepslate":196,"minecraft:sugar_cane":15,"minecraft:birch_sapling":4,"regions_unexplored:blackwood_log":2,"minecraft:raw_iron":51,"minecraft:stick":9,"minecraft:oak_door":4,"minecraft:oak_fence":25,"minecraft:torch":21,"tombstone:grave_dust":2,"minecraft:diorite":12,"minecraft:redstone":101,"minecraft:arrow":7,"minecraft:rotten_flesh":19,"minecraft:peony":3,"tombstone:essence_of_undeath":1,"minecraft:white_wool":4,"minecraft:cobblestone":214,"minecraft:birch_log":36,"regions_unexplored:peat_dirt":20,"minecraft:potato":33,"minecraft:flint":4,"minecraft:tuff":25,"minecraft:oak_log":70,"minecraft:dirt":775,"minecraft:white_banner":1,"minecraft:bone":7,"minecraft:apple":2,"minecraft:cobbled_deepslate_wall":1,"minecraft:wheat_seeds":34,"minecraft:raw_gold":29,"minecraft:cobbled_deepslate_slab":3,"minecraft:oak_fence_gate":1,"regions_unexplored:pink_bioshroom":1,"minecraft:oak_planks":1,"minecraft:pumpkin":9,"minecraft:gravel":21,"minecraft:sand":47,"minecraft:ink_sac":1,"minecraft:purple_bed":4,"minecraft:slime_ball":8,"regions_unexplored:willow_shrub":1,"minecraft:granite":27,"minecraft:crossbow":1,"minecraft:baked_potato":5,"minecraft:oak_sapling":14,"minecraft:coal":138},"minecraft:mined":{"regions_unexplored:willow_shrub":1,"minecraft:tuff":27,"minecraft:dark_oak_leaves":3,"minecraft:oak_door":2,"minecraft:granite":27,"minecraft:cobbled_deepslate_slab":2,"minecraft:grass_block":665,"minecraft:iron_ore":29,"minecraft:cobbled_deepslate":3,"minecraft:pumpkin":9,"minecraft:peony":1,"minecraft:potatoes":10,"minecraft:deepslate_iron_ore":12,"regions_unexplored:medium_grass":7,"minecraft:stone":213,"minecraft:deepslate_redstone_ore":23,"regions_unexplored:pink_bioshroom":1,"minecraft:oak_fence":25,"minecraft:cobbled_deepslate_wall":1,"minecraft:crafting_table":3,"minecraft:torch":6,"minecraft:campfire":1,"regions_unexplored:blackwood_log":2,"minecraft:tall_grass":1,"minecraft:deepslate_gold_ore":17,"minecraft:oak_planks":1,"minecraft:sugar_cane":2,"minecraft:diorite":2,"minecraft:wall_torch":9,"minecraft:purple_bed":4,"minecraft:birch_log":36,"minecraft:wheat":20,"minecraft:birch_leaves":3,"minecraft:grass":78,"minecraft:oak_log":70,"minecraft:coal_ore":137,"minecraft:oak_fence_gate":1,"minecraft:gravel":25,"minecraft:sand":47,"minecraft:dirt":93,"minecraft:oak_leaves":17,"minecraft:deepslate":185},"minecraft:crafted":{"minecraft:cobbled_deepslate_slab":48,"minecraft:oak_door":3,"minecraft:oak_planks":280,"minecraft:stone_shovel":4,"minecraft:furnace":3,"minecraft:bone_meal":21,"minecraft:iron_boots":1,"minecraft:iron_axe":1,"minecraft:stone_pickaxe":3,"minecraft:chest":2,"minecraft:spruce_boat":2,"minecraft:stone_hoe":1,"minecraft:oak_fence":96,"minecraft:crafting_table":11,"minecraft:spruce_planks":40,"minecraft:wooden_pickaxe":1,"minecraft:iron_helmet":1,"minecraft:iron_sword":3,"minecraft:cobbled_deepslate_wall":24,"minecraft:bucket":1,"minecraft:birch_planks":28,"minecraft:stone_axe":1,"minecraft:bread":1,"minecraft:air":0,"minecraft:oak_fence_gate":4,"minecraft:wooden_hoe":2,"minecraft:iron_chestplate":1,"minecraft:shield":1,"minecraft:stick":140,"minecraft:iron_ingot":44,"minecraft:iron_pickaxe":1,"minecraft:wooden_axe":1,"minecraft:stone_sword":1,"minecraft:iron_shovel":2,"minecraft:iron_leggings":1,"minecraft:white_bed":1,"minecraft:torch":104,"minecraft:shears":1},"minecraft:custom":{"minecraft:mob_kills":48,"minecraft:interact_with_crafting_table":50,"minecraft:bell_ring":5,"minecraft:leave_game":7,"minecraft:time_since_death":55136,"minecraft:sprint_one_cm":353871,"minecraft:walk_one_cm":931340,"minecraft:damage_blocked_by_shield":795,"minecraft:drop":12,"minecraft:talked_to_villager":1,"minecraft:play_time":201255,"minecraft:deaths":12,"minecraft:sneak_time":777,"minecraft:walk_under_water_one_cm":27314,"minecraft:boat_one_cm":31590,"minecraft:jump":3529,"minecraft:walk_on_water_one_cm":20351,"minecraft:total_world_time":201255,"minecraft:interact_with_furnace":25,"tombstone:raider_killed":3,"minecraft:sleep_in_bed":4,"minecraft:time_since_rest":54039,"minecraft:damage_taken":3697,"minecraft:damage_dealt":7709,"minecraft:swim_one_cm":23888,"minecraft:fly_one_cm":469467,"minecraft:open_chest":22,"minecraft:crouch_one_cm":972,"tombstone:undead_killed":29,"minecraft:fall_one_cm":56050},"minecraft:broken":{"minecraft:iron_shovel":1,"minecraft:stone_pickaxe":2,"minecraft:wooden_hoe":1,"minecraft:stone_shovel":4},"minecraft:dropped":{"minecraft:wheat_seeds":1,"minecraft:dirt":2,"minecraft:diorite":1,"tombstone:grave_key":4,"tombstone:grave_dust":1,"minecraft:peony":3,"tombstone:essence_of_undeath":1},"minecraft:killed_by":{"minecraft:creeper":3,"alexsmobs:crocodile":2,"minecraft:skeleton":1,"minecraft:zombie":1,"alexsmobs:grizzly_bear":1}},"DataVersion":3465}