{"stats":{"minecraft:killed_by":{"minecraft:creeper":3,"minecraft:spider":1,"alexsmobs:crocodile":2,"minecraft:skeleton":2,"minecraft:zombie":1,"alexsmobs:grizzly_bear":1},"minecraft:used":{"minecraft:oak_fence":117,"minecraft:stone_sword":41,"minecraft:iron_shovel":383,"minecraft:stone_shovel":525,"minecraft:chest":2,"minecraft:shield":45,"minecraft:iron_sword":231,"minecraft:cooked_salmon":1,"minecraft:stone_hoe":69,"minecraft:rotten_flesh":15,"minecraft:oak_door":5,"minecraft:torch":122,"minecraft:dirt":345,"minecraft:tuff":25,"minecraft:granite":1,"minecraft:oak_fence_gate":5,"minecraft:spruce_boat":2,"minecraft:wooden_axe":56,"minecraft:iron_axe":36,"minecraft:furnace":3,"tombstone:gift":8,"minecraft:potato":110,"minecraft:cobbled_deepslate":18,"minecraft:cobbled_deepslate_wall":25,"minecraft:wheat_seeds":63,"minecraft:cooked_mutton":3,"alexsmobs:cooked_catfish":3,"minecraft:water_bucket":31,"minecraft:diorite":9,"minecraft:stone_pickaxe":354,"minecraft:baked_potato":6,"minecraft:oak_planks":9,"minecraft:wooden_pickaxe":35,"minecraft:sand":1,"minecraft:crafting_table":13,"minecraft:crossbow":2,"minecraft:white_bed":1,"regions_unexplored:pink_bioshroom":1,"minecraft:wooden_hoe":118,"minecraft:apple":2,"minecraft:bread":4,"minecraft:iron_pickaxe":306,"minecraft:stone_axe":41,"minecraft:cobblestone":9,"minecraft:cobbled_deepslate_slab":28,"minecraft:purple_bed":2,"minecraft:white_banner":1,"minecraft:bucket":32,"minecraft:oak_boat":1,"minecraft:bone_meal":49},"minecraft:broken":{"minecraft:iron_shovel":1,"minecraft:stone_pickaxe":2,"minecraft:wooden_hoe":2,"minecraft:stone_shovel":4},"minecraft:dropped":{"minecraft:wheat_seeds":1,"alexsmobs:raw_catfish":4,"minecraft:dirt":2,"minecraft:diorite":1,"tombstone:grave_key":4,"tombstone:grave_dust":1,"minecraft:stone_sword":1,"minecraft:wheat":3,"minecraft:rotten_flesh":3,"minecraft:salmon":2,"minecraft:potato":5,"minecraft:peony":3,"minecraft:bow":1,"tombstone:essence_of_undeath":1,"minecraft:arrow":13},"minecraft:crafted":{"minecraft:cobbled_deepslate_slab":48,"minecraft:oak_door":3,"minecraft:oak_planks":280,"minecraft:stone_shovel":4,"minecraft:furnace":3,"minecraft:bone_meal":54,"minecraft:cooked_mutton":3,"minecraft:bow":1,"minecraft:iron_boots":1,"minecraft:iron_axe":1,"minecraft:stone_pickaxe":3,"minecraft:chest":2,"minecraft:spruce_boat":2,"alexsmobs:cooked_catfish":2,"minecraft:stone_hoe":1,"minecraft:oak_fence":96,"minecraft:crafting_table":12,"minecraft:spruce_planks":40,"minecraft:wooden_pickaxe":1,"minecraft:baked_potato":1,"minecraft:iron_helmet":1,"minecraft:iron_sword":3,"minecraft:cooked_salmon":5,"minecraft:cobbled_deepslate_wall":24,"minecraft:bucket":1,"minecraft:birch_planks":36,"minecraft:stone_axe":1,"minecraft:bread":1,"minecraft:air":0,"minecraft:oak_boat":1,"minecraft:oak_fence_gate":4,"minecraft:wooden_hoe":2,"minecraft:iron_chestplate":1,"minecraft:shield":1,"minecraft:stick":140,"minecraft:iron_ingot":44,"minecraft:iron_pickaxe":1,"minecraft:wooden_axe":1,"minecraft:stone_sword":1,"minecraft:iron_shovel":2,"minecraft:iron_leggings":1,"minecraft:white_bed":1,"minecraft:torch":104,"minecraft:shears":1},"minecraft:killed":{"minecraft:spider":3,"minecraft:slime":11,"minecraft:skeleton":14,"minecraft:drowned":2,"minecraft:skeleton_horse":1,"minecraft:salmon":7,"minecraft:creeper":1,"minecraft:squid":1,"alexsmobs:catfish":3,"minecraft:pillager":3,"minecraft:zombie":26,"alexsmobs:terrapin":1,"alexsmobs:crow":1},"minecraft:mined":{"regions_unexplored:willow_shrub":1,"minecraft:tuff":27,"minecraft:dark_oak_leaves":3,"minecraft:oak_door":2,"minecraft:granite":28,"minecraft:cobbled_deepslate_slab":2,"minecraft:grass_block":666,"minecraft:iron_ore":29,"minecraft:cobbled_deepslate":3,"minecraft:pumpkin":9,"minecraft:peony":1,"minecraft:potatoes":30,"minecraft:deepslate_iron_ore":12,"regions_unexplored:medium_grass":7,"minecraft:stone":213,"minecraft:deepslate_redstone_ore":23,"regions_unexplored:pink_bioshroom":1,"minecraft:oak_fence":25,"minecraft:crafting_table":3,"minecraft:cobbled_deepslate_wall":1,"minecraft:torch":6,"minecraft:campfire":1,"regions_unexplored:blackwood_log":2,"minecraft:tall_grass":1,"minecraft:deepslate_gold_ore":17,"minecraft:sugar_cane":2,"minecraft:oak_planks":1,"minecraft:diorite":2,"minecraft:wall_torch":9,"minecraft:purple_bed":4,"minecraft:birch_log":38,"minecraft:wheat":35,"minecraft:birch_leaves":4,"minecraft:grass":88,"minecraft:oak_log":70,"minecraft:coal_ore":137,"minecraft:oak_fence_gate":1,"minecraft:gravel":25,"minecraft:sand":48,"minecraft:dirt":97,"minecraft:oak_leaves":23,"minecraft:deepslate":185},"minecraft:custom":{"minecraft:mob_kills":74,"minecraft:animals_bred":8,"minecraft:interact_with_crafting_table":54,"minecraft:bell_ring":5,"minecraft:leave_game":9,"minecraft:time_since_death":20491,"minecraft:sprint_one_cm":491957,"minecraft:walk_one_cm":1282682,"minecraft:damage_blocked_by_shield":1395,"minecraft:drop":29,"minecraft:talked_to_villager":1,"minecraft:play_time":254841,"minecraft:deaths":14,"minecraft:sneak_time":857,"minecraft:walk_under_water_one_cm":42403,"minecraft:boat_one_cm":90675,"minecraft:jump":4422,"minecraft:walk_on_water_one_cm":38997,"minecraft:total_world_time":254841,"minecraft:interact_with_furnace":39,"tombstone:raider_killed":3,"minecraft:sleep_in_bed":4,"minecraft:time_since_rest":19825,"minecraft:damage_taken":4381,"minecraft:damage_dealt":11236,"minecraft:swim_one_cm":70389,"minecraft:fly_one_cm":622607,"minecraft:open_chest":26,"minecraft:crouch_one_cm":1151,"tombstone:undead_killed":43,"minecraft:fall_one_cm":61335},"minecraft:picked_up":{"minecraft:charcoal":2,"minecraft:crafting_table":3,"minecraft:wheat":22,"minecraft:lead":1,"tombstone:grave_key":1,"alexsmobs:cooked_catfish":2,"minecraft:string":3,"minecraft:cobbled_deepslate":196,"minecraft:sugar_cane":15,"minecraft:birch_sapling":4,"regions_unexplored:blackwood_log":2,"minecraft:stick":9,"minecraft:raw_iron":51,"minecraft:oak_door":4,"minecraft:oak_fence":25,"minecraft:torch":21,"tombstone:grave_dust":4,"minecraft:diorite":12,"minecraft:redstone":101,"minecraft:arrow":14,"minecraft:rotten_flesh":22,"minecraft:peony":3,"tombstone:essence_of_undeath":1,"minecraft:white_wool":4,"minecraft:cobblestone":214,"minecraft:birch_log":40,"regions_unexplored:peat_dirt":20,"minecraft:salmon":7,"minecraft:potato":109,"minecraft:flint":4,"minecraft:tuff":25,"minecraft:oak_log":70,"minecraft:dirt":801,"minecraft:white_banner":1,"minecraft:bone":14,"minecraft:apple":2,"minecraft:cobbled_deepslate_wall":1,"minecraft:wheat_seeds":65,"minecraft:raw_gold":29,"minecraft:cobbled_deepslate_slab":3,"regions_unexplored:pink_bioshroom":1,"minecraft:oak_fence_gate":1,"minecraft:oak_planks":1,"minecraft:pumpkin":9,"minecraft:gravel":21,"minecraft:sand":60,"minecraft:ink_sac":1,"alexsmobs:raw_catfish":6,"minecraft:slime_ball":8,"minecraft:purple_bed":4,"regions_unexplored:willow_shrub":1,"minecraft:granite":28,"minecraft:crossbow":1,"minecraft:bone_meal":2,"minecraft:baked_potato":5,"minecraft:oak_sapling":14,"minecraft:coal":138}},"DataVersion":3465}