{"stats":{"minecraft:killed":{"minecraft:witch":1,"alexsmobs:raccoon":6,"minecraft:spider":5,"minecraft:skeleton":11,"alexsmobs:blue_jay":1,"alexsmobs:bison":6,"minecraft:piglin":1,"minecraft:pig":2,"minecraft:salmon":14,"minecraft:creeper":3,"minecraft:sheep":3,"alexsmobs:catfish":1,"minecraft:zombie":21,"alexsmobs:terrapin":2,"goblintraders:vein_goblin_trader":1,"alexsmobs:fly":1,"alexsmobs:crow":2,"minecraft:glow_squid":1},"minecraft:used":{"minecraft:iron_shovel":84,"minecraft:flint_and_steel":7,"minecraft:chest":6,"minecraft:shield":12,"minecraft:cooked_salmon":11,"minecraft:rotten_flesh":21,"minecraft:netherrack":142,"minecraft:torch":150,"minecraft:dirt":79,"minecraft:carrot":1,"minecraft:granite":10,"minecraft:obsidian":51,"minecraft:lava_bucket":10,"minecraft:iron_axe":212,"minecraft:oak_stairs":1,"minecraft:bow":7,"minecraft:oak_sapling":1,"minecraft:furnace":10,"tombstone:gift":6,"minecraft:cooked_beef":20,"minecraft:cobbled_deepslate":2,"minecraft:cooked_mutton":6,"minecraft:water_bucket":65,"minecraft:diorite":17,"minecraft:stone_pickaxe":335,"minecraft:oak_planks":2,"minecraft:wooden_pickaxe":10,"minecraft:sugar_cane":16,"minecraft:salmon":1,"minecraft:sand":1,"regions_unexplored:raw_redstone_block":8,"minecraft:crafting_table":10,"minecraft:white_bed":1,"minecraft:shears":1,"minecraft:diamond_pickaxe":517,"minecraft:bread":5,"minecraft:iron_pickaxe":668,"minecraft:gravel":35,"minecraft:stone_axe":127,"minecraft:cobblestone":55,"minecraft:cooked_porkchop":4,"minecraft:andesite":8,"minecraft:bucket":77},"minecraft:picked_up":{"regions_unexplored:pointed_redstone":9,"minecraft:crafting_table":7,"minecraft:wheat":6,"minecraft:oak_stairs":1,"minecraft:enchanted_book":1,"minecraft:music_disc_cat":1,"minecraft:string":7,"minecraft:raw_copper":5,"regions_unexplored:spruce_shrub":1,"minecraft:gold_nugget":29,"minecraft:cobbled_deepslate":36,"minecraft:beef":40,"alexsmobs:raccoon_tail":1,"minecraft:sugar_cane":22,"minecraft:chest":3,"minecraft:furnace":8,"minecraft:raw_iron":97,"minecraft:stick":6,"minecraft:torch":4,"minecraft:porkchop":4,"tombstone:grave_dust":1,"minecraft:diorite":33,"regions_unexplored:raw_redstone_block":10,"minecraft:carrot":2,"minecraft:redstone":97,"regions_unexplored:daisy":21,"minecraft:iron_horse_armor":2,"regions_unexplored:purple_coneflower":8,"minecraft:arrow":10,"minecraft:weeping_vines":1,"minecraft:rotten_flesh":39,"regions_unexplored:redstone_bulb":1,"minecraft:beetroot_seeds":2,"minecraft:peony":6,"minecraft:saddle":1,"minecraft:obsidian":63,"minecraft:mutton":6,"minecraft:white_wool":15,"minecraft:cobblestone":439,"minecraft:birch_log":12,"minecraft:feather":3,"minecraft:cooked_beef":8,"minecraft:glow_ink_sac":2,"minecraft:salmon":14,"minecraft:andesite":22,"alexsmobs:bison_fur":9,"minecraft:flint":2,"minecraft:oak_log":47,"minecraft:gunpowder":6,"minecraft:lapis_lazuli":52,"minecraft:dirt":95,"minecraft:bone":14,"minecraft:bow":2,"minecraft:wheat_seeds":32,"minecraft:iron_ingot":15,"minecraft:soul_sand":84,"minecraft:oak_planks":2,"minecraft:cooked_porkchop":4,"minecraft:quartz":57,"regions_unexplored:oak_shrub":1,"minecraft:gravel":39,"minecraft:sand":3,"minecraft:spruce_sapling":1,"minecraft:spruce_log":2,"minecraft:spider_eye":1,"minecraft:mossy_cobblestone":3,"regions_unexplored:hyssop":50,"regions_unexplored:fireweed":38,"minecraft:diamond":6,"minecraft:granite":15,"minecraft:grass":1,"minecraft:bread":1,"alexsmobs:maggot":2,"regions_unexplored:dark_oak_shrub":1,"tombstone:magic_scroll":1,"minecraft:oak_sapling":5,"minecraft:netherrack":577,"minecraft:coal":184},"minecraft:crafted":{"minecraft:oak_planks":156,"minecraft:furnace":4,"minecraft:cooked_mutton":6,"minecraft:flint_and_steel":2,"minecraft:iron_boots":1,"minecraft:iron_axe":2,"minecraft:stone_pickaxe":3,"minecraft:chest":4,"minecraft:cooked_beef":32,"minecraft:crafting_table":4,"minecraft:spruce_planks":8,"minecraft:wooden_pickaxe":1,"minecraft:iron_helmet":1,"minecraft:cooked_salmon":11,"minecraft:copper_ingot":2,"minecraft:birch_planks":48,"minecraft:bucket":2,"minecraft:stone_axe":1,"minecraft:air":0,"minecraft:iron_chestplate":1,"minecraft:diamond_pickaxe":1,"minecraft:shield":1,"minecraft:stick":60,"minecraft:iron_pickaxe":3,"minecraft:iron_ingot":66,"minecraft:iron_shovel":1,"minecraft:iron_leggings":1,"minecraft:white_bed":1,"minecraft:torch":160,"minecraft:shears":1},"minecraft:mined":{"minecraft:nether_gold_ore":6,"regions_unexplored:spruce_shrub":1,"minecraft:mossy_cobblestone":3,"minecraft:deepslate_diamond_ore":6,"minecraft:obsidian":65,"minecraft:granite":15,"minecraft:grass_block":20,"regions_unexplored:pine_shrub":1,"minecraft:weeping_vines":1,"regions_unexplored:purple_coneflower":2,"minecraft:spruce_leaves":1,"regions_unexplored:raw_redstone_block":10,"minecraft:large_fern":2,"minecraft:tall_seagrass":7,"regions_unexplored:pointed_redstone":5,"minecraft:furnace":8,"minecraft:iron_ore":78,"minecraft:fire":1,"minecraft:andesite":23,"minecraft:peony":6,"minecraft:oak_stairs":1,"regions_unexplored:medium_grass":25,"minecraft:stone":420,"regions_unexplored:redstone_bulb":1,"minecraft:podzol":1,"minecraft:deepslate_redstone_ore":19,"minecraft:soul_sand":85,"minecraft:crimson_nylium":1,"minecraft:soul_fire":1,"minecraft:crafting_table":7,"minecraft:torch":2,"minecraft:chest":3,"minecraft:nether_quartz_ore":50,"minecraft:tall_grass":3,"minecraft:copper_ore":2,"minecraft:cobblestone":30,"minecraft:deepslate_coal_ore":1,"minecraft:lapis_ore":9,"regions_unexplored:daisy":2,"minecraft:oak_planks":2,"minecraft:sugar_cane":12,"minecraft:diorite":33,"minecraft:wall_torch":1,"minecraft:seagrass":2,"regions_unexplored:hyssop":4,"regions_unexplored:sandy_tall_grass":1,"minecraft:birch_log":13,"regions_unexplored:redstone_bud":1,"minecraft:spruce_log":2,"minecraft:birch_leaves":1,"regions_unexplored:sandy_grass":2,"minecraft:grass":30,"minecraft:oak_log":47,"regions_unexplored:oak_shrub":1,"minecraft:coal_ore":114,"regions_unexplored:dark_oak_shrub":1,"minecraft:gravel":42,"minecraft:sand":3,"minecraft:dirt":53,"minecraft:netherrack":581,"minecraft:oak_leaves":20,"minecraft:deepslate":30,"regions_unexplored:fireweed":5},"minecraft:custom":{"minecraft:mob_kills":83,"minecraft:interact_with_crafting_table":38,"minecraft:leave_game":8,"minecraft:time_since_death":27037,"minecraft:sprint_one_cm":350440,"minecraft:walk_one_cm":378520,"minecraft:damage_blocked_by_shield":330,"minecraft:drop":23,"minecraft:play_time":230529,"minecraft:deaths":1,"minecraft:sneak_time":24015,"minecraft:walk_under_water_one_cm":43716,"minecraft:jump":3785,"minecraft:walk_on_water_one_cm":106605,"minecraft:total_world_time":230529,"minecraft:interact_with_furnace":41,"tombstone:raider_killed":2,"minecraft:sleep_in_bed":7,"minecraft:time_since_rest":26161,"minecraft:damage_taken":3673,"minecraft:damage_dealt":13046,"minecraft:swim_one_cm":90652,"minecraft:fly_one_cm":584097,"minecraft:open_chest":24,"minecraft:crouch_one_cm":57251,"tombstone:undead_killed":32,"minecraft:fall_one_cm":85489},"minecraft:broken":{"minecraft:stone_pickaxe":1,"minecraft:iron_axe":1,"minecraft:iron_pickaxe":1},"minecraft:dropped":{"regions_unexplored:fireweed":38,"minecraft:wheat_seeds":31,"regions_unexplored:daisy":15,"minecraft:grass":1,"tombstone:grave_dust":1,"regions_unexplored:pointed_redstone":5,"regions_unexplored:redstone_bulb":1,"regions_unexplored:hyssop":50,"minecraft:spider_eye":1},"minecraft:killed_by":{"minecraft:creeper":1}},"DataVersion":3465}