{"stats":{"minecraft:killed_by":{"minecraft:creeper":2},"minecraft:used":{"minecraft:enchanting_table":2,"minecraft:iron_shovel":399,"minecraft:flint_and_steel":13,"minecraft:stone_shovel":112,"minecraft:chest":7,"minecraft:shield":23,"minecraft:cooked_salmon":11,"minecraft:rotten_flesh":21,"minecraft:netherrack":146,"minecraft:torch":169,"minecraft:dirt":224,"minecraft:white_carpet":4,"minecraft:carrot":1,"regions_unexplored:clover":12,"minecraft:granite":10,"minecraft:obsidian":51,"minecraft:lava_bucket":10,"minecraft:iron_axe":308,"minecraft:oak_stairs":2,"minecraft:bow":7,"minecraft:oak_sapling":1,"minecraft:furnace":12,"tombstone:gift":6,"minecraft:cooked_beef":40,"minecraft:cobbled_deepslate":2,"minecraft:cooked_mutton":6,"minecraft:water_bucket":77,"minecraft:diorite":17,"minecraft:stone_pickaxe":335,"minecraft:oak_planks":27,"minecraft:wooden_pickaxe":10,"minecraft:sugar_cane":16,"minecraft:salmon":1,"minecraft:sand":3,"regions_unexplored:raw_redstone_block":8,"minecraft:crafting_table":12,"minecraft:white_bed":4,"minecraft:shears":1,"minecraft:diamond_pickaxe":537,"minecraft:bread":5,"minecraft:iron_pickaxe":736,"regions_unexplored:mauve_fence":3,"minecraft:gravel":35,"minecraft:stone_axe":127,"minecraft:cobblestone":55,"minecraft:cooked_porkchop":4,"minecraft:andesite":8,"minecraft:bucket":89,"minecraft:yellow_bed":3,"regions_unexplored:mauve_trapdoor":5,"minecraft:oak_boat":2,"minecraft:bone_meal":25},"minecraft:broken":{"minecraft:iron_shovel":1,"minecraft:stone_pickaxe":1,"minecraft:iron_axe":1,"minecraft:iron_pickaxe":1},"minecraft:dropped":{"regions_unexplored:fireweed":38,"minecraft:wheat_seeds":50,"minecraft:cooked_beef":1,"minecraft:copper_ingot":2,"alexsmobs:bison_fur":9,"regions_unexplored:daisy":18,"minecraft:grass":1,"minecraft:crimson_roots":1,"regions_unexplored:purple_lupine":1,"tombstone:grave_dust":1,"regions_unexplored:pointed_redstone":5,"minecraft:string":1,"regions_unexplored:redstone_bulb":1,"minecraft:sugar_cane":3,"minecraft:wheat":1,"regions_unexplored:clover":10,"regions_unexplored:hyssop":59,"regions_unexplored:pink_lupine":1,"minecraft:spider_eye":1,"minecraft:arrow":3,"regions_unexplored:meadow_sage":1,"regions_unexplored:blue_lupine":3},"minecraft:crafted":{"minecraft:oak_planks":156,"minecraft:stone_shovel":1,"regions_unexplored:mauve_fence":3,"minecraft:furnace":6,"minecraft:bone_meal":42,"minecraft:white_carpet":6,"minecraft:cooked_mutton":6,"minecraft:flint_and_steel":2,"regions_unexplored:mauve_planks":48,"minecraft:iron_boots":1,"minecraft:iron_axe":2,"minecraft:stone_pickaxe":3,"minecraft:chest":4,"regions_unexplored:mauve_trapdoor":6,"minecraft:cooked_beef":32,"minecraft:crafting_table":5,"minecraft:spruce_planks":8,"minecraft:enchanting_table":1,"minecraft:wooden_pickaxe":1,"minecraft:iron_helmet":1,"minecraft:cooked_salmon":11,"minecraft:copper_ingot":2,"minecraft:birch_planks":48,"minecraft:bucket":2,"minecraft:stone_axe":1,"minecraft:bread":2,"minecraft:air":0,"minecraft:oak_boat":2,"minecraft:book":1,"minecraft:paper":3,"minecraft:iron_chestplate":1,"minecraft:diamond_pickaxe":1,"minecraft:shield":1,"minecraft:stick":80,"minecraft:iron_ingot":66,"minecraft:iron_pickaxe":3,"minecraft:iron_shovel":2,"minecraft:iron_leggings":1,"minecraft:white_bed":3,"minecraft:torch":172,"minecraft:shears":1},"minecraft:killed":{"minecraft:witch":1,"alexsmobs:raccoon":6,"minecraft:spider":7,"minecraft:horse":2,"minecraft:skeleton":12,"alexsmobs:blue_jay":1,"minecraft:drowned":2,"alexsmobs:bison":6,"minecraft:piglin":1,"minecraft:pig":2,"minecraft:salmon":14,"minecraft:creeper":3,"minecraft:sheep":6,"alexsmobs:catfish":1,"minecraft:zombie":26,"alexsmobs:terrapin":2,"alexsmobs:fly":1,"alexsmobs:crow":2,"goblintraders:vein_goblin_trader":1,"minecraft:glow_squid":1},"minecraft:mined":{"minecraft:nether_gold_ore":6,"regions_unexplored:spruce_shrub":1,"minecraft:white_bed":2,"regions_unexplored:blue_lupine":3,"minecraft:mossy_cobblestone":7,"minecraft:deepslate_diamond_ore":6,"minecraft:oak_door":1,"regions_unexplored:pink_lupine":1,"minecraft:obsidian":66,"minecraft:granite":15,"regions_unexplored:mauve_trapdoor":1,"minecraft:grass_block":254,"regions_unexplored:pine_shrub":1,"minecraft:crimson_roots":1,"minecraft:weeping_vines":1,"regions_unexplored:purple_coneflower":2,"minecraft:spruce_leaves":1,"regions_unexplored:raw_redstone_block":10,"minecraft:large_fern":2,"minecraft:weeping_vines_plant":1,"minecraft:tall_seagrass":7,"regions_unexplored:mauve_fence":2,"regions_unexplored:pointed_redstone":5,"minecraft:furnace":8,"minecraft:carrots":10,"minecraft:iron_ore":78,"minecraft:fire":1,"regions_unexplored:mossy_stone":4,"regions_unexplored:purple_lupine":3,"minecraft:andesite":23,"minecraft:peony":6,"minecraft:enchanting_table":1,"minecraft:dirt_path":29,"minecraft:oak_stairs":2,"regions_unexplored:medium_grass":38,"minecraft:stone":473,"regions_unexplored:redstone_bulb":1,"minecraft:podzol":1,"minecraft:deepslate_redstone_ore":19,"minecraft:soul_sand":85,"minecraft:crimson_nylium":1,"minecraft:soul_fire":1,"minecraft:crafting_table":7,"minecraft:torch":5,"minecraft:chest":3,"minecraft:nether_quartz_ore":50,"minecraft:tall_grass":5,"minecraft:copper_ore":2,"minecraft:cobblestone":32,"regions_unexplored:mauve_log":12,"minecraft:deepslate_coal_ore":1,"regions_unexplored:meadow_sage":1,"minecraft:lapis_ore":9,"regions_unexplored:daisy":2,"minecraft:sugar_cane":13,"minecraft:oak_planks":10,"minecraft:diorite":33,"minecraft:wall_torch":3,"minecraft:seagrass":2,"regions_unexplored:hyssop":8,"regions_unexplored:sandy_tall_grass":1,"regions_unexplored:redstone_bud":1,"minecraft:birch_log":13,"minecraft:wheat":2,"minecraft:spruce_log":2,"minecraft:birch_leaves":1,"minecraft:yellow_bed":3,"regions_unexplored:mauve_leaves":2,"minecraft:bee_nest":1,"regions_unexplored:sandy_grass":3,"minecraft:grass":45,"regions_unexplored:oak_shrub":1,"minecraft:oak_log":64,"minecraft:coal_ore":114,"regions_unexplored:dark_oak_shrub":1,"minecraft:gravel":42,"minecraft:sand":86,"minecraft:dirt":128,"regions_unexplored:clover":18,"minecraft:netherrack":587,"minecraft:oak_leaves":22,"minecraft:deepslate":30,"regions_unexplored:fireweed":6},"minecraft:custom":{"minecraft:mob_kills":98,"minecraft:interact_with_crafting_table":57,"minecraft:bell_ring":42,"minecraft:damage_dealt_resisted":350,"minecraft:leave_game":9,"minecraft:time_since_death":3412,"minecraft:climb_one_cm":120,"minecraft:sprint_one_cm":490631,"minecraft:walk_one_cm":491359,"minecraft:damage_blocked_by_shield":1070,"minecraft:drop":39,"minecraft:damage_dealt_absorbed":120,"minecraft:talked_to_villager":2,"minecraft:play_time":295301,"minecraft:deaths":3,"minecraft:sneak_time":30432,"minecraft:walk_under_water_one_cm":51925,"minecraft:boat_one_cm":54978,"minecraft:jump":4863,"minecraft:walk_on_water_one_cm":120817,"minecraft:enchant_item":1,"minecraft:total_world_time":295301,"minecraft:interact_with_furnace":45,"tombstone:raider_killed":2,"minecraft:sleep_in_bed":8,"minecraft:time_since_rest":3360,"minecraft:damage_taken":5947,"minecraft:damage_dealt":15858,"minecraft:swim_one_cm":96971,"minecraft:fly_one_cm":828254,"minecraft:open_chest":42,"minecraft:crouch_one_cm":91525,"tombstone:undead_killed":40,"minecraft:fall_one_cm":112661,"minecraft:horse_one_cm":1216360},"minecraft:picked_up":{"regions_unexplored:pointed_redstone":9,"minecraft:crafting_table":7,"minecraft:wheat":7,"minecraft:oak_stairs":3,"minecraft:enchanted_book":1,"minecraft:music_disc_cat":1,"minecraft:string":8,"minecraft:moss_carpet":1,"minecraft:raw_copper":5,"regions_unexplored:spruce_shrub":1,"regions_unexplored:mauve_fence":2,"minecraft:gold_nugget":29,"minecraft:cobbled_deepslate":36,"minecraft:beef":40,"alexsmobs:raccoon_tail":1,"minecraft:sugar_cane":25,"minecraft:chest":3,"minecraft:furnace":8,"minecraft:stick":6,"minecraft:raw_iron":97,"regions_unexplored:mauve_trapdoor":1,"minecraft:oak_door":1,"minecraft:torch":12,"regions_unexplored:blue_lupine":3,"minecraft:porkchop":4,"minecraft:diorite":33,"tombstone:grave_dust":3,"regions_unexplored:raw_redstone_block":10,"minecraft:carrot":44,"minecraft:redstone":97,"minecraft:iron_horse_armor":2,"regions_unexplored:daisy":25,"regions_unexplored:purple_coneflower":8,"minecraft:arrow":10,"minecraft:weeping_vines":4,"minecraft:rotten_flesh":51,"regions_unexplored:redstone_bulb":1,"minecraft:beetroot_seeds":2,"minecraft:peony":6,"regions_unexplored:mauve_log":12,"minecraft:saddle":1,"sophisticatedbackpacks:copper_backpack":1,"regions_unexplored:purple_lupine":1,"minecraft:obsidian":64,"minecraft:mutton":9,"minecraft:stripped_oak_log":1,"minecraft:white_wool":18,"minecraft:cobblestone":494,"minecraft:birch_log":12,"minecraft:enchanting_table":1,"minecraft:feather":3,"minecraft:cooked_beef":9,"minecraft:glow_ink_sac":2,"minecraft:andesite":22,"minecraft:salmon":14,"minecraft:leather":3,"regions_unexplored:meadow_sage":1,"alexsmobs:bison_fur":9,"minecraft:flint":2,"minecraft:oak_log":64,"minecraft:yellow_bed":3,"minecraft:gunpowder":6,"minecraft:lapis_lazuli":52,"minecraft:dirt":431,"minecraft:bone":15,"minecraft:bow":2,"minecraft:wheat_seeds":52,"minecraft:iron_ingot":15,"minecraft:oak_planks":10,"minecraft:soul_sand":84,"minecraft:cooked_porkchop":4,"minecraft:quartz":57,"regions_unexplored:oak_shrub":1,"minecraft:gravel":39,"minecraft:sand":86,"minecraft:spruce_sapling":1,"minecraft:white_bed":2,"minecraft:spruce_log":2,"regions_unexplored:pink_lupine":1,"minecraft:spider_eye":1,"minecraft:mossy_cobblestone":11,"regions_unexplored:hyssop":61,"regions_unexplored:fireweed":48,"minecraft:diamond":6,"regions_unexplored:clover":24,"minecraft:granite":15,"minecraft:grass":1,"minecraft:bread":1,"alexsmobs:maggot":2,"regions_unexplored:dark_oak_shrub":1,"tombstone:magic_scroll":1,"minecraft:oak_sapling":5,"minecraft:netherrack":583,"minecraft:coal":184,"minecraft:crimson_roots":1}},"DataVersion":3465}